# Blender 5.1.1
# www.blender.org
mtllib нерф1.mtl
o Mesh
v -0.670083 -4.884825 16.775173
v 0.062427 -4.884825 16.787968
v -0.630594 -4.677777 16.844769
v 0.020532 -4.677777 16.856142
v -0.298014 -3.317808 16.448715
v -0.260147 -5.291518 14.280897
v 0.612959 -5.291514 14.296148
v 0.575093 -3.317804 16.463966
v -1.133255 -5.291518 14.265646
v -1.171122 -3.317808 16.433464
v -1.717731 -2.897601 15.252907
v -1.165849 -2.897601 15.262547
v -1.719635 -2.660022 15.361858
v -1.167752 -2.660022 15.371498
v -0.670083 -4.884825 16.775173
v -1.013897 -5.535897 15.483599
v 0.451138 -5.535893 15.509188
v 0.062427 -4.884825 16.787968
v 0.477348 -6.283258 14.008673
v -0.987687 -6.283262 13.983082
v -0.597113 -6.950790 12.649252
v 0.133595 -6.950790 12.662016
v 0.762058 6.272380 -17.660570
v 1.044369 6.718728 -17.427750
v 1.099991 6.684308 -17.521076
v 1.224131 7.247764 -17.336176
v 0.729475 6.332088 -17.563490
v 1.157356 7.246888 -17.247864
v 0.298779 6.120749 -17.717833
v 1.101434 7.816345 -17.153927
v 0.297041 6.190564 -17.618431
v 1.038176 7.775060 -17.073185
v -0.137046 6.332085 -17.578627
v 0.759205 8.239376 -17.022717
v -0.167404 6.270026 -17.677563
v 0.718746 8.161707 -16.949318
v -0.456490 6.718724 -17.453964
v 0.285886 8.397194 -16.979805
v -0.512350 6.681992 -17.549990
v 0.284651 8.303225 -16.909105
v -0.575688 7.246884 -17.278133
v -0.147775 8.161703 -16.964451
v -0.644224 7.247760 -17.368811
v -0.187189 8.242363 -17.038280
v -0.527169 7.818999 -17.181517
v -0.462683 7.775056 -17.099396
v 1.429952 5.016361 -18.056229
v 1.382766 8.633559 -16.883993
v 1.890349 8.634651 -16.882427
v 2.077957 5.016362 -18.044910
v 1.356299 9.288506 -16.675814
v 0.762058 6.272380 -17.660570
v 1.099991 6.684308 -17.521076
v 1.224131 7.247764 -17.336176
v 0.298779 6.120749 -17.717833
v -0.819886 5.016357 -18.095528
v 1.101434 7.816345 -17.153927
v 0.759205 8.239376 -17.022717
v 0.285886 8.397194 -16.979805
v -0.167404 6.270026 -17.677563
v -0.512350 6.681992 -17.549990
v -0.644224 7.247760 -17.368811
v -0.813670 8.633555 -16.922358
v -0.527169 7.818999 -17.181517
v -0.794490 9.288502 -16.713385
v -0.187189 8.242363 -17.038280
v -1.320997 8.634647 -16.938526
v -1.467891 5.016357 -18.106846
v -1.347845 9.072212 -16.232380
v -0.795963 9.072212 -16.222740
v -1.345941 8.834637 -16.341330
v -0.794059 8.834637 -16.331690
v 0.703412 6.317490 -16.071329
v 0.269969 7.235198 -16.068516
v 1.020504 6.705361 -16.061399
v 1.136490 7.235201 -16.053381
v 0.270178 6.175514 -16.080498
v 1.020294 7.765045 -16.049417
v -0.163110 6.317486 -16.086464
v 0.703049 8.152916 -16.050573
v -0.480355 6.705358 -16.087616
v 0.269759 8.294884 -16.056536
v -0.596551 7.235198 -16.083652
v -0.163473 8.152908 -16.065708
v -0.480565 7.765041 -16.075634
v -1.349320 4.188438 -16.393936
v -0.797438 4.188438 -16.384296
v -1.351128 3.948786 -16.290382
v -0.799246 3.948786 -16.280743
v -0.125101 9.276920 -15.517658
v 0.509169 10.241106 -14.775272
v 0.645560 9.276920 -15.504196
v -0.014251 10.241106 -14.784414
v -1.713231 -2.993925 14.995275
v -1.161349 -2.993925 15.004915
v -1.717731 -2.897601 15.252907
v -1.165849 -2.897601 15.262547
v -1.351223 4.426013 -16.284983
v -0.797438 4.188438 -16.384296
v -1.349320 4.188438 -16.393936
v -0.799340 4.426014 -16.275343
v 2.077957 5.016362 -18.044910
v 1.472998 3.269181 -16.676704
v 1.429952 5.016361 -18.056229
v -0.819886 5.016357 -18.095528
v -0.911084 3.269177 -16.718349
v -1.467891 5.016357 -18.106846
v -0.232381 4.211547 12.691145
v 0.834514 3.108202 12.697309
v 0.834297 4.211555 12.709776
v -0.232163 3.108198 12.678677
v -1.298841 3.108198 12.660046
v -1.299060 4.211551 12.672512
v 0.264071 7.867774 -15.730839
v 2.188695 7.036178 -15.434559
v 0.259484 7.036174 -15.468256
v 2.226874 7.867778 -15.696554
v -1.669725 7.036174 -15.501955
v 2.179935 8.481144 -15.891108
v -1.698732 7.867771 -15.765123
v 0.267454 8.481140 -15.924513
v -1.645029 8.481140 -15.957918
v 1.950607 6.082519 -14.516525
v 2.247902 7.734426 -13.564747
v 2.260183 6.121735 -14.267807
v 1.937651 7.783892 -13.774805
v -1.345941 8.834637 -16.341330
v -0.795869 8.594980 -16.228136
v -1.347751 8.594980 -16.237776
v -0.794059 8.834637 -16.331690
v -0.545046 8.962954 10.940117
v 0.139501 9.368411 11.051830
v -0.546788 9.368411 11.039843
v 0.141243 8.962954 10.952105
v -0.539863 9.714342 10.643400
v 0.146425 9.714342 10.655388
v -1.747275 -0.364412 10.371380
v -1.195393 -0.364412 10.381020
v -1.749178 -0.126837 10.480331
v -1.197296 -0.126833 10.489971
v -1.794200 7.734426 -13.635351
v -1.463844 6.082515 -14.576166
v -1.781919 6.121731 -14.338411
v -1.476800 7.783888 -13.834446
v 0.612959 -5.291514 14.296148
v 1.241879 -3.218967 14.768740
v 0.575093 -3.317804 16.463966
v 1.256365 -4.378454 13.939404
v -0.260147 -5.291518 14.280897
v -0.210394 -5.515245 11.432489
v 0.662712 -5.515241 11.447741
v 0.612959 -5.291514 14.296148
v -1.083501 -5.515245 11.417238
v -1.133255 -5.291518 14.265646
v -2.110707 3.485626 11.715879
v -1.558825 3.485630 11.725519
v -2.112610 3.723205 11.824829
v -1.560728 3.723205 11.834469
v -1.719635 -2.660022 15.361858
v -1.167752 -2.660022 15.371498
v -1.717826 -2.420370 15.258301
v -1.165943 -2.420370 15.267941
v -1.778296 -3.218971 14.715986
v -1.133255 -5.291518 14.265646
v -1.171122 -3.317808 16.433464
v -1.763810 -4.378454 13.886650
v 0.834514 3.108202 12.697309
v 1.696151 4.220539 11.805719
v 0.834297 4.211555 12.709776
v -2.112610 3.723205 11.824829
v -1.560728 3.723205 11.834469
v -2.110802 3.962861 11.721275
v -1.558919 3.962861 11.730915
v -1.298841 3.108198 12.660046
v -1.299060 4.211551 12.672512
v -2.128814 4.220535 11.738909
v -0.298014 -3.317808 16.448715
v 0.644568 3.631628 12.486418
v -0.228538 3.631624 12.471167
v 0.575093 -3.317804 16.463966
v -1.101646 3.631624 12.455915
v -1.171122 -3.317808 16.433464
v -0.630594 -4.677777 16.844769
v 0.051503 -1.444986 15.083035
v -0.599624 -1.444986 15.071659
v 0.020532 -4.677777 16.856142
v -1.532628 8.585424 -11.128551
v 1.242638 9.241344 -10.654819
v 1.898945 8.585428 -11.068611
v -0.891174 9.241344 -10.692091
v 1.897765 8.252818 -11.001131
v -1.533808 8.252814 -11.061071
v -1.548780 8.988659 -10.455639
v -0.996897 8.988659 -10.445999
v -1.546877 8.751084 -10.564587
v -0.994994 8.751084 -10.554947
v -1.622797 4.575203 -11.152803
v 1.261317 2.535561 -11.125494
v -0.893402 2.535557 -11.163132
v 1.989906 4.575207 -11.089699
v -0.215973 2.407274 11.751822
v 0.834514 3.108202 12.697309
v -0.232163 3.108198 12.678677
v 0.886587 2.407277 11.771080
v -1.298841 3.108198 12.660046
v -1.318534 2.407274 11.732563
v 0.198436 7.831008 -11.973213
v 2.106332 6.999412 -11.677221
v 0.193849 6.999408 -11.710627
v 2.110919 7.831012 -11.939808
v -1.714047 7.831008 -12.006618
v -1.718634 6.999408 -11.744032
v -1.352344 9.168539 -15.974751
v -0.795963 9.072212 -16.222740
v -1.347845 9.072212 -16.232380
v -0.800462 9.168539 -15.965111
v -1.491370 3.674391 -10.795345
v -0.941298 3.434739 -10.682148
v -1.493179 3.434739 -10.691788
v -0.939488 3.674391 -10.785706
v -1.742774 -0.460739 10.113747
v -1.190892 -0.460739 10.123386
v -1.747275 -0.364412 10.371380
v -1.195393 -0.364412 10.381020
v -0.902429 8.108625 9.183027
v 0.579264 8.386041 7.986494
v -0.881006 8.372705 7.961168
v 0.559772 8.108629 9.208569
v 0.542618 7.661310 10.190638
v -0.919583 7.661306 10.165100
v 0.528753 7.130580 10.984461
v -0.933449 7.130576 10.958920
v 0.518107 6.462809 11.593899
v -0.944094 6.462805 11.568357
v -0.951646 5.621311 12.000734
v 0.510555 5.621315 12.026276
v 0.506521 4.444027 12.257244
v -0.955680 4.444024 12.231703
v 0.193849 6.999408 -11.710627
v 2.088916 4.440533 -10.680140
v 0.176434 4.440528 -10.713545
v 2.106332 6.999412 -11.677221
v -1.736049 4.440528 -10.746950
v -1.718634 6.999408 -11.744032
v 0.086100 7.634422 8.349745
v -0.404753 8.356166 8.667618
v -0.399052 7.634422 8.341270
v 0.080399 8.356166 8.676092
v 0.082856 6.615149 8.535496
v -0.402296 6.615149 8.527021
v -1.493273 3.911966 -10.686392
v -0.941392 3.911966 -10.676752
v -1.491370 3.674391 -10.795345
v -0.939488 3.674391 -10.785706
v 0.612959 -5.291514 14.296148
v 0.662712 -5.515241 11.447741
v 1.284539 -4.375857 12.326456
v 1.256365 -4.378454 13.939404
v -1.749178 -0.126837 10.480331
v -1.197296 -0.126833 10.489971
v -1.747369 0.112819 10.376778
v -1.195487 0.112823 10.386417
v -0.553427 -6.888023 12.426931
v 0.097700 -6.888023 12.438307
v -0.597113 -6.950790 12.649252
v 0.133595 -6.950790 12.662016
v -1.133255 -5.291518 14.265646
v -1.735636 -4.375861 12.273703
v -1.083501 -5.515245 11.417238
v -1.763810 -4.378454 13.886650
v 0.834514 3.108202 12.697309
v 0.886587 2.407277 11.771080
v 1.696151 4.220539 11.805719
v 1.349361 7.640635 7.511712
v 0.834297 4.211555 12.709776
v 1.696151 4.220539 11.805719
v 1.773484 7.642015 7.378253
v 1.349361 7.640635 7.511712
v 1.773484 7.642015 7.378253
v 1.787483 8.261328 6.576846
v -2.051479 7.642011 7.311441
v -1.632275 7.640632 7.459631
v -2.037481 8.261324 6.510035
v -1.553280 9.084991 -10.198004
v -1.001398 9.084987 -10.188364
v -1.548780 8.988659 -10.455639
v -0.996897 8.988659 -10.445999
v -1.546877 8.751084 -10.564587
v -0.994994 8.751084 -10.554947
v -1.548685 8.511432 -10.461035
v -0.996802 8.511432 -10.451395
v -1.299060 4.211551 12.672512
v -1.632275 7.640632 7.459631
v -2.128814 4.220535 11.738909
v -2.051479 7.642011 7.311441
v -0.141457 7.640632 7.485672
v -0.232381 4.211547 12.691145
v 0.834297 4.211555 12.709776
v -1.299060 4.211551 12.672512
v 1.349361 7.640635 7.511712
v -1.632275 7.640632 7.459631
v -0.124999 8.261324 6.543440
v 1.787483 8.261328 6.576846
v -2.037481 8.261324 6.510035
v -1.298841 3.108198 12.660046
v -2.128814 4.220535 11.738909
v -1.318534 2.407274 11.732563
v -1.351128 3.948786 -16.290382
v -0.803708 3.847436 -16.025347
v -1.355590 3.847436 -16.034986
v -0.799246 3.948786 -16.280743
v 0.575093 -3.317804 16.463966
v 1.295449 2.303759 11.701735
v 0.644568 3.631628 12.486418
v 1.241879 -3.218967 14.768740
v -2.082701 7.543891 5.128680
v -1.530819 7.543891 5.138319
v -2.080892 7.783547 5.025124
v -1.529010 7.783547 5.034764
v -0.756236 -0.379204 1.794195
v -0.204354 -0.379204 1.803835
v -0.760736 -0.282873 2.051827
v -0.208854 -0.282873 2.061467
v -0.495814 2.098572 5.909253
v 0.279096 3.151686 5.272483
v -0.484459 3.151686 5.259146
v 0.267741 2.098572 5.922592
v -0.497268 1.276150 5.992492
v 0.266287 1.276150 6.005829
v -0.495492 0.468784 5.890827
v 0.268063 0.468784 5.904164
v -0.488730 -0.403442 5.503689
v 0.274825 -0.403442 5.517026
v -1.171122 -3.317808 16.433464
v -1.724725 2.303755 11.648970
v -1.778296 -3.218971 14.715986
v -1.101646 3.631624 12.455915
v -2.106207 3.389302 11.458250
v -1.558825 3.485630 11.725519
v -2.110707 3.485626 11.715879
v -1.554325 3.389302 11.467890
v 1.631400 7.612360 3.758088
v 1.937547 5.943925 4.203188
v 1.948577 7.569672 3.571747
v 1.619765 5.897211 4.424250
v -1.789303 8.441659 3.566086
v 1.642270 8.441663 3.626026
v -1.133949 9.105362 3.206837
v 0.999862 9.105366 3.244109
v -1.792886 8.107704 3.771208
v 1.638687 8.107708 3.831149
v -2.104556 5.943921 4.132584
v -1.783051 7.612356 3.698447
v -2.093527 7.569668 3.501143
v -1.794687 5.897207 4.364609
v -1.493179 3.434739 -10.691788
v -0.941298 3.434739 -10.682148
v -1.497640 3.333389 -10.436390
v -0.945758 3.333389 -10.426750
v -0.505676 10.001167 -6.016526
v -0.516424 9.995142 -5.401208
v 0.094205 10.001163 -6.006047
v 0.083458 9.995142 -5.390729
v 0.683339 9.995146 -5.380251
v 0.694087 10.001171 -5.995569
v -0.505597 9.600710 -6.021051
v 0.094205 10.001163 -6.006047
v 0.094285 9.600710 -6.010572
v -0.505676 10.001167 -6.016526
v 0.694166 9.600714 -6.000094
v 0.694087 10.001171 -5.995569
v 1.376718 9.453138 -4.862168
v 1.954218 9.215420 -6.345210
v 1.404237 9.468552 -6.437608
v 1.926699 9.200010 -4.769769
v -1.355724 4.522345 -16.027353
v -0.803841 4.522345 -16.017714
v -1.351223 4.426013 -16.284983
v -0.799340 4.426014 -16.275343
v -2.080892 7.783547 5.025124
v -1.529010 7.783547 5.034764
v -2.076431 7.884893 4.769727
v -1.524549 7.884893 4.779366
v 0.802978 9.590561 -4.959996
v 1.404237 9.468552 -6.437608
v 0.829949 9.605664 -6.504126
v 1.376718 9.453138 -4.862168
v -0.760736 -0.282873 2.051827
v -0.208854 -0.282873 2.061467
v -0.762640 -0.045297 2.160780
v -0.210757 -0.045297 2.170420
v -0.650667 9.590558 -4.985389
v -1.199955 9.468548 -6.483096
v -1.227474 9.453135 -4.907657
v -0.623695 9.605660 -6.529517
v 0.103127 9.605660 -6.516821
v 0.694166 9.600714 -6.000094
v 0.829949 9.605664 -6.504126
v 0.802978 9.590561 -4.959996
v 0.094285 9.600710 -6.010572
v 0.683418 9.594694 -5.384777
v -0.505597 9.600710 -6.021051
v 0.076156 9.590558 -4.972691
v -0.623695 9.605660 -6.529517
v 0.083537 9.594690 -5.395255
v -0.650667 9.590558 -4.985389
v -0.516345 9.594690 -5.405733
v -1.227474 9.453135 -4.907657
v -1.752828 9.215416 -6.409962
v -1.780346 9.200006 -4.834520
v -1.199955 9.468548 -6.483096
v 1.242638 9.241344 -10.654819
v 0.999862 9.105366 3.244109
v 1.642270 8.441663 3.626026
v 1.898945 8.585428 -11.068611
v -2.080798 7.306316 5.019729
v -1.528916 7.306316 5.029368
v -2.082701 7.543891 5.128680
v -1.530819 7.543891 5.138319
v 2.133022 8.736406 -6.173728
v 1.926699 9.200010 -4.769769
v 2.105504 8.720989 -4.598293
v 1.954218 9.215420 -6.345210
v 1.789272 8.578032 -11.095711
v 1.890349 8.634651 -16.882427
v 1.356299 9.288506 -16.675814
v 1.252452 9.230340 -10.730516
v -1.133949 9.105362 3.206837
v 1.242638 9.241344 -10.654819
v -0.891174 9.241344 -10.692091
v 0.999862 9.105366 3.244109
v 0.645560 9.276920 -15.504196
v 0.562388 9.230336 -10.742569
v 1.252452 9.230340 -10.730516
v 1.356299 9.288506 -16.675814
v -0.125101 9.276920 -15.517658
v -0.794490 9.288502 -16.713385
v -0.898338 9.230336 -10.768085
v -0.208274 9.230336 -10.756031
v -0.751775 -0.277853 1.538797
v -0.199893 -0.277853 1.548437
v -0.756236 -0.379204 1.794195
v -0.204354 -0.379204 1.803835
v -1.789303 8.441659 3.566086
v -0.891174 9.241344 -10.692091
v -1.532628 8.585424 -11.128551
v -1.133949 9.105362 3.206837
v -2.110802 3.962861 11.721275
v -1.558919 3.962861 11.730915
v -2.106341 4.064207 11.465881
v -1.554458 4.064208 11.475521
v 2.008080 8.384889 -6.052367
v 2.126700 7.771083 -5.811788
v 2.004063 7.771163 -5.822379
v 2.133022 8.736406 -6.173728
v 2.105819 4.582493 -4.616254
v 1.982855 4.531200 -4.608215
v 2.133022 8.736406 -6.173728
v 0.099226 8.975911 -6.293432
v 1.954218 9.215420 -6.345210
v 1.404237 9.468552 -6.437608
v 2.008080 8.384889 -6.052367
v 0.101394 9.329248 -6.417577
v 0.095598 8.384885 -6.085773
v -1.199955 9.468548 -6.483096
v -1.816884 8.384885 -6.119179
v -1.752828 9.215416 -6.409962
v -1.937511 8.736403 -6.244829
v -1.943833 7.771080 -5.882889
v -1.937511 8.736403 -6.244829
v -1.816884 8.384885 -6.119179
v -1.820902 7.771159 -5.889190
v -1.964715 4.582489 -4.687355
v -1.842108 4.531196 -4.675026
v -0.794490 9.288502 -16.713385
v -1.422076 8.578032 -11.151804
v -0.898338 9.230336 -10.768085
v -1.320997 8.634647 -16.938526
v -0.736260 -1.501612 9.276194
v -0.624265 -1.438883 2.864455
v 0.502450 -1.438879 2.884136
v 0.390455 -1.501612 9.295874
v 0.505501 -1.389796 2.709494
v -0.621214 -1.389800 2.689813
v -0.578069 0.103589 0.219742
v 0.548645 0.103596 0.239421
v -0.576092 0.238400 0.106514
v 0.550623 0.238404 0.126195
v -0.560054 2.715876 -0.811692
v 0.566661 2.715880 -0.792012
v 0.101394 9.329248 -6.417577
v 0.829949 9.605664 -6.504126
v 1.404237 9.468552 -6.437608
v 0.103127 9.605660 -6.516821
v -0.623695 9.605660 -6.529517
v -1.199955 9.468548 -6.483096
v -1.937511 8.736403 -6.244829
v -1.780346 9.200006 -4.834520
v -1.752828 9.215416 -6.409962
v -1.965030 8.720985 -4.669394
v 0.095598 8.384885 -6.085773
v 2.114300 8.444381 -12.133482
v 0.201818 8.444377 -12.166887
v 2.008080 8.384889 -6.052367
v -1.816884 8.384885 -6.119179
v -1.710664 8.444377 -12.200293
v 2.140653 8.459143 -13.642189
v -1.684312 8.459139 -13.709000
v 0.228171 8.459139 -13.675594
v 2.179935 8.481144 -15.891108
v -1.645029 8.481140 -15.957918
v 0.267454 8.481140 -15.924513
v 0.068080 8.369468 -4.510336
v 0.010111 8.337004 -1.191605
v 1.980562 8.369472 -4.476930
v 1.922593 8.337008 -1.158199
v -1.844402 8.369468 -4.543742
v 1.787483 8.261328 6.576846
v -1.902371 8.337004 -1.225010
v -0.124999 8.261324 6.543440
v -2.037481 8.261324 6.510035
v 2.081398 7.644066 -4.032314
v 1.760123 5.975824 -3.611308
v 1.771525 7.690840 -4.264105
v 2.070590 6.018440 -3.413525
v 0.505501 -1.389796 2.709494
v 0.625128 0.229423 0.264538
v 0.580342 -1.320759 2.828556
v 0.548645 0.103596 0.239421
v 0.502450 -1.438879 2.884136
v 0.467330 -1.384061 9.298550
v 0.390455 -1.501612 9.295874
v 0.550623 0.238404 0.126195
v 0.641336 2.733064 -0.663365
v 0.566661 2.715880 -0.792012
v 1.937651 7.783892 -13.774805
v 2.116997 7.661106 -6.070331
v 2.247902 7.734426 -13.564747
v 1.799546 7.706534 -5.868297
v 1.771525 7.690840 -4.264105
v 1.631400 7.612360 3.758088
v 2.081398 7.644066 -4.032314
v 1.948577 7.569672 3.571747
v 2.105819 4.582493 -4.616254
v 2.099902 7.756072 -4.277557
v 2.081397 4.568812 -3.218124
v 2.126700 7.771083 -5.811788
v 2.105504 8.720989 -4.598293
v 2.133022 8.736406 -6.173728
v 0.057551 4.373940 -3.907476
v 1.149400 2.554477 -3.275023
v 0.046840 2.554473 -3.294281
v 1.970033 4.373944 -3.874070
v -1.055721 2.554473 -3.313540
v -1.854932 4.373940 -3.940882
v 2.247902 7.734426 -13.564747
v 2.106233 6.035502 -5.454101
v 2.260183 6.121735 -14.267807
v 2.116997 7.661106 -6.070331
v 2.070590 6.018440 -3.413525
v 1.948577 7.569672 3.571747
v 1.937547 5.943925 4.203188
v 2.081398 7.644066 -4.032314
v -1.925107 7.661102 -6.140935
v -1.476800 7.783888 -13.834446
v -1.794200 7.734426 -13.635351
v -1.614905 7.706530 -5.927938
v -1.960705 7.644062 -4.102919
v -2.093527 7.569668 3.501143
v -1.783051 7.612356 3.698447
v -1.642926 7.690836 -4.323746
v 2.110919 7.831012 -11.939808
v 2.140653 8.459143 -13.642189
v 2.114300 8.444381 -12.133482
v 2.145574 7.850424 -13.923903
v 2.008080 8.384889 -6.052367
v 2.004063 7.771163 -5.822379
v 2.106332 6.999412 -11.677221
v 1.982855 4.531200 -4.608215
v 2.088916 4.440533 -10.680140
v 1.970033 4.373944 -3.874070
v 1.958246 4.517417 -3.199325
v 1.696151 4.220539 11.805719
v 1.773484 7.642015 7.378253
v 1.928271 7.728714 -1.483261
v 1.977008 7.756011 -4.273462
v 1.787483 8.261328 6.576846
v 1.980562 8.369472 -4.476930
v 1.922593 8.337008 -1.158199
v 1.149400 2.554477 -3.275023
v 1.696151 4.220539 11.805719
v 0.886587 2.407277 11.771080
v 1.970033 4.373944 -3.874070
v 2.179935 8.481144 -15.891108
v 2.145574 7.850424 -13.923903
v 2.226874 7.867778 -15.696554
v 2.140653 8.459143 -13.642189
v -1.960705 7.644062 -4.102919
v -1.654328 5.975821 -3.670949
v -1.971512 6.018436 -3.484129
v -1.642926 7.690836 -4.323746
v 1.261317 2.535561 -11.125494
v 1.962812 4.560033 -9.538607
v 1.234224 2.520383 -9.574406
v 1.989906 4.575207 -11.089699
v -0.893402 2.535557 -11.163132
v 1.234224 2.520383 -9.574406
v -0.920495 2.520379 -9.612043
v 1.261317 2.535561 -11.125494
v 1.890349 8.634651 -16.882427
v 1.946982 4.943003 -10.546558
v 2.077957 5.016362 -18.044910
v 1.789272 8.578032 -11.095711
v 1.898945 8.585428 -11.068611
v 1.642270 8.441663 3.626026
v 1.897765 8.252818 -11.001131
v 1.638687 8.107708 3.831149
v -0.215973 2.407274 11.751822
v 1.149400 2.554477 -3.275023
v 0.886587 2.407277 11.771080
v 0.046840 2.554473 -3.294281
v -1.318534 2.407274 11.732563
v -1.055721 2.554473 -3.313540
v 1.472998 3.269181 -16.676704
v 1.946982 4.943003 -10.546558
v 1.366441 3.209495 -10.576305
v 2.077957 5.016362 -18.044910
v 1.131313 2.896514 -10.074587
v 1.813247 4.656056 -4.110494
v 1.015882 2.831862 -3.466118
v 1.916825 4.714070 -10.040304
v -1.578785 3.113209 -2.678777
v -1.026902 3.113209 -2.669137
v -1.583246 3.011859 -2.423378
v -1.031363 3.011859 -2.413738
v 2.226874 7.867778 -15.696554
v 2.145574 7.850424 -13.923903
v 2.163948 7.025132 -14.305656
v 2.188695 7.036178 -15.434559
v -1.497774 4.008293 -10.428757
v -0.941392 3.911966 -10.676752
v -1.493273 3.911966 -10.686392
v -0.945891 4.008294 -10.419117
v -1.347751 8.594980 -16.237776
v -0.795869 8.594980 -16.228136
v -1.352211 8.493630 -15.982378
v -0.800329 8.493634 -15.972738
v 0.146425 9.714342 10.655388
v -0.610194 9.716393 10.304392
v -0.539863 9.714342 10.643400
v 0.228553 9.716396 10.319042
v 0.283832 9.354416 9.896009
v -0.650665 9.354412 9.879686
v 0.327284 9.100536 9.468636
v -0.679165 9.100533 9.451056
v -0.723045 9.097136 8.791229
v 0.394181 9.097139 8.810743
v 0.459915 9.306553 8.423647
v -0.775221 9.306549 8.402073
v -0.764168 9.317001 7.769285
v 0.470968 9.317005 7.790859
v -0.750590 9.151690 6.991979
v 0.484546 9.151690 7.013553
v -0.461362 8.689568 6.149198
v 0.224927 8.689568 6.161185
v -1.576976 3.352862 -2.782330
v -1.025093 3.352862 -2.772691
v -1.578785 3.113209 -2.678777
v -1.026902 3.113209 -2.669137
v 1.256365 -4.378454 13.939404
v 1.284539 -4.375857 12.326456
v 1.348817 2.002821 8.646461
v 1.295449 2.303759 11.701735
v 1.241879 -3.218967 14.768740
v -0.621214 -1.389800 2.689813
v -0.624265 -1.438883 2.864455
v -0.700168 -1.320762 2.806189
v -0.813181 -1.384064 9.276180
v -0.736260 -1.501612 9.276194
v -0.655382 0.229420 0.242173
v -0.578069 0.103589 0.219742
v -0.576092 0.238400 0.106514
v -0.639175 2.733060 -0.685732
v -0.560054 2.715876 -0.811692
v 0.579264 8.386041 7.986494
v -0.854358 8.128366 6.267411
v -0.881006 8.372705 7.961168
v 0.605972 8.222677 6.282237
v -0.800179 2.896510 -10.108324
v 1.015882 2.831862 -3.466118
v -0.915610 2.831859 -3.499856
v 1.131313 2.896514 -10.074587
v -1.684312 8.459139 -13.709000
v -1.757267 7.831008 -12.007374
v -1.710664 8.444377 -12.200293
v -1.726360 7.850424 -13.991539
v -1.645029 8.481140 -15.957918
v -1.698732 7.867771 -15.765123
v -1.964715 4.582489 -4.687355
v -1.970632 7.756068 -4.348658
v -1.943833 7.771080 -5.882889
v -1.989137 4.568808 -3.289225
v -1.965030 8.720985 -4.669394
v -1.937511 8.736403 -6.244829
v -1.935870 6.035499 -5.524705
v -1.794200 7.734426 -13.635351
v -1.781919 6.121731 -14.338411
v -1.925107 7.661102 -6.140935
v -1.971512 6.018436 -3.484129
v -2.093527 7.569668 3.501143
v -1.960705 7.644062 -4.102919
v -2.104556 5.943921 4.132584
v -1.816884 8.384885 -6.119179
v -1.710664 8.444377 -12.200293
v -1.757267 7.831008 -12.007374
v -1.820902 7.771159 -5.889190
v -2.128814 4.220535 11.738909
v -1.854932 4.373940 -3.940882
v -1.055721 2.554473 -3.313540
v -1.318534 2.407274 11.732563
v -2.080798 7.306316 5.019729
v -2.082701 7.543891 5.128680
v -2.076365 7.547439 4.765911
v -2.080892 7.783547 5.025124
v -2.076298 7.209989 4.762098
v -2.076431 7.884893 4.769727
v -2.071837 7.311331 4.506697
v -2.071931 7.788566 4.512093
v -2.070028 7.550987 4.403141
v -1.866718 4.517413 -3.266136
v -1.896693 7.728710 -1.550072
v -1.847957 7.756007 -4.340274
v -1.844402 8.369468 -4.543742
v -1.902371 8.337004 -1.225010
v -2.037481 8.261324 6.510035
v -2.051479 7.642011 7.311441
v -2.128814 4.220535 11.738909
v -1.854932 4.373940 -3.940882
v -1.842108 4.531196 -4.675026
v -1.736049 4.440528 -10.746950
v -1.718634 6.999408 -11.744032
v -0.911084 3.269177 -16.718349
v 1.366441 3.209495 -10.576305
v -1.017641 3.209491 -10.617949
v 1.472998 3.269181 -16.676704
v -2.110707 3.485626 11.715879
v -2.112610 3.723205 11.824829
v -2.106274 3.726753 11.462063
v -2.110802 3.962861 11.721275
v -2.106207 3.389302 11.458250
v -2.106341 4.064207 11.465881
v -2.101746 3.490649 11.202850
v -2.101840 3.967876 11.208246
v -2.099937 3.730301 11.099293
v -1.820902 7.771159 -5.889190
v -1.757267 7.831008 -12.007374
v -1.718634 6.999408 -11.744032
v -1.842108 4.531196 -4.675026
v -1.622797 4.575203 -11.152803
v -0.920495 2.520379 -9.612043
v -1.649890 4.560032 -9.601711
v -0.893402 2.535557 -11.163132
v -1.698732 7.867771 -15.765123
v -1.684420 7.025128 -14.372877
v -1.726360 7.850424 -13.991539
v -1.669725 7.036174 -15.501955
v 0.605972 8.222677 6.282237
v 0.671536 8.216009 7.918840
v 0.702045 8.051460 6.313236
v 0.701078 6.984609 7.032805
v 0.579264 8.386041 7.986494
v 0.668694 6.968278 8.124813
v 0.675356 4.862888 7.684907
v 0.650200 7.963374 9.125040
v 0.559772 8.108629 9.208569
v 0.648737 6.187243 9.208836
v 0.633728 7.534395 10.068045
v 0.542618 7.661310 10.190638
v 0.620295 7.018464 10.837109
v 0.528753 7.130580 10.984461
v 0.636060 5.357648 9.934599
v 0.631667 4.717690 10.186106
v 0.609980 6.376527 11.427656
v 0.518107 6.462809 11.593899
v 0.602919 5.575231 11.831911
v 0.599113 4.460062 12.049822
v 0.510555 5.621315 12.026276
v 0.506521 4.444027 12.257244
v -1.320997 8.634647 -16.938526
v -1.598868 4.942998 -10.608494
v -1.422076 8.578032 -11.151804
v -1.467891 5.016357 -18.106846
v -0.800179 2.896510 -10.108324
v -1.689986 4.656053 -4.171685
v -1.586409 4.714067 -10.101496
v -0.915610 2.831859 -3.499856
v -1.598868 4.942998 -10.608494
v -1.467891 5.016357 -18.106846
v -0.911084 3.269177 -16.718349
v -1.017641 3.209491 -10.617949
v -1.557647 8.506409 -9.948002
v -1.559550 8.743988 -9.839054
v -1.553213 8.747536 -10.201818
v -1.557741 8.983641 -9.942606
v -1.553146 8.410086 -10.205633
v -1.553280 9.084991 -10.198004
v -1.548685 8.511432 -10.461035
v -1.548780 8.988659 -10.455639
v -1.546877 8.751084 -10.564587
v -1.533808 8.252814 -11.061071
v -1.789303 8.441659 3.566086
v -1.532628 8.585424 -11.128551
v -1.792886 8.107704 3.771208
v -0.208274 9.230336 -10.756031
v 0.509169 10.241106 -14.775272
v -0.014251 10.241106 -14.784414
v 0.562388 9.230336 -10.742569
v -1.502140 3.429716 -10.178759
v -1.504043 3.667291 -10.069807
v -1.497707 3.670839 -10.432575
v -1.502235 3.906947 -10.173359
v -1.497640 3.333389 -10.436390
v -1.497774 4.008293 -10.428757
v -1.493179 3.434739 -10.691788
v -1.493273 3.911966 -10.686392
v -1.491370 3.674391 -10.795345
v -1.708770 -2.892579 14.739876
v -1.161349 -2.993925 15.004915
v -1.713231 -2.993925 14.995275
v -1.156888 -2.892579 14.749516
v -1.587746 3.108187 -2.165747
v -1.589649 3.345766 -2.056797
v -1.583312 3.349314 -2.419561
v -1.587840 3.585418 -2.160350
v -1.583246 3.011859 -2.423378
v -1.583379 3.686764 -2.415749
v -1.578785 3.113209 -2.678777
v -1.578879 3.590441 -2.673379
v -1.576976 3.352862 -2.782330
v -1.360090 3.943763 -15.777351
v -1.361994 4.181342 -15.668402
v -1.355657 4.184890 -16.031172
v -1.360184 4.420998 -15.771955
v -1.355590 3.847436 -16.034986
v -1.355724 4.522345 -16.027353
v -1.351128 3.948786 -16.290382
v -1.351223 4.426013 -16.284983
v -1.349320 4.188438 -16.393936
v -1.356712 8.589962 -15.724745
v -1.358614 8.827533 -15.615795
v -1.352278 8.831085 -15.978561
v -1.356806 9.067189 -15.719349
v -1.352211 8.493630 -15.982378
v -1.352344 9.168539 -15.974751
v -1.347751 8.594980 -16.237776
v -1.347845 9.072212 -16.232380
v -1.345941 8.834637 -16.341330
v -1.747275 -0.364412 10.371380
v -1.749178 -0.126837 10.480331
v -1.742841 -0.123285 10.117563
v -1.747369 0.112819 10.376778
v -1.742774 -0.460739 10.113747
v -1.742908 0.214165 10.121378
v -1.738313 -0.359393 9.858349
v -1.738408 0.117838 9.863747
v -1.736505 -0.119737 9.754795
v 0.562388 9.230336 -10.742569
v 0.645560 9.276920 -15.504196
v 0.509169 10.241106 -14.775272
v -1.763810 -4.378454 13.886650
v -1.671358 2.002817 8.593708
v -1.735636 -4.375861 12.273703
v -1.724725 2.303755 11.648970
v -1.778296 -3.218971 14.715986
v 2.105819 4.582493 -4.616254
v 2.081397 4.568812 -3.218124
v 1.982855 4.531200 -4.608215
v 1.958246 4.517417 -3.199325
v -1.717731 -2.897601 15.252907
v -1.719635 -2.660022 15.361858
v -1.713298 -2.656474 14.999090
v -1.717826 -2.420370 15.258301
v -1.713231 -2.993925 14.995275
v -1.713365 -2.319020 15.002907
v -1.708770 -2.892579 14.739876
v -1.708864 -2.415347 14.745274
v -1.706961 -2.652922 14.636322
v -1.583246 3.011859 -2.423378
v -1.031363 3.011859 -2.413738
v -1.587746 3.108187 -2.165747
v -1.035863 3.108187 -2.156107
v 0.228553 9.716396 10.319042
v 0.141243 8.962954 10.952105
v 0.146602 8.720592 10.645273
v 0.139501 9.368411 11.051830
v 0.146425 9.714342 10.655388
v 0.283832 9.354416 9.896009
v 0.197392 8.574867 10.229994
v 0.237359 8.513226 9.814913
v 0.327284 9.100536 9.468636
v 0.418409 8.540340 8.318825
v 0.394181 9.097139 8.810743
v 0.459915 9.306553 8.423647
v 0.470968 9.317005 7.790859
v 0.484106 8.538066 7.038694
v 0.484546 9.151690 7.013553
v 0.224927 8.689568 6.161185
v 0.223421 8.474138 6.247360
v 0.566530 -0.387884 3.619322
v 0.467330 -1.384061 9.298550
v 0.580342 -1.320759 2.828556
v 0.467144 -0.443556 9.309179
v 0.607037 0.994003 1.300251
v 0.625128 0.229423 0.264538
v 0.641336 2.733064 -0.663365
v 0.619522 2.901647 0.585474
v 0.484735 -2.194269 13.585756
v 0.051503 -1.444986 15.083035
v 0.020532 -4.677777 16.856142
v 0.451138 -5.535893 15.509188
v 0.062427 -4.884825 16.787968
v 0.477348 -6.283258 14.008673
v 0.510945 -2.941631 12.085230
v 0.097700 -6.888023 12.438307
v 0.133595 -6.950790 12.662016
v 0.129938 -3.681506 10.592642
v -1.989137 4.568808 -3.289225
v -1.964715 4.582489 -4.687355
v -1.842108 4.531196 -4.675026
v -1.866718 4.517413 -3.266136
v 0.694166 9.600714 -6.000094
v 0.683339 9.995146 -5.380251
v 0.683418 9.594694 -5.384777
v 0.694087 10.001171 -5.995569
v -1.738313 -0.359393 9.858349
v -1.186431 -0.359393 9.867989
v -1.742774 -0.460739 10.113747
v -1.190892 -0.460739 10.123386
v -0.137046 6.332085 -17.578627
v 0.270178 6.175514 -16.080498
v 0.297041 6.190564 -17.618431
v -0.163110 6.317486 -16.086464
v -0.456490 6.718724 -17.453964
v -0.480355 6.705358 -16.087616
v -1.578879 3.590441 -2.673379
v -1.026996 3.590441 -2.663740
v -1.576976 3.352862 -2.782330
v -1.025093 3.352862 -2.772691
v -0.846403 8.222673 6.256868
v -0.969083 8.216005 7.890182
v -0.881006 8.372705 7.961168
v -0.943499 8.051456 6.284493
v -0.967662 6.984605 7.003659
v -0.989884 7.963370 9.096392
v -0.973434 6.968274 8.096128
v -0.964729 4.862888 7.656259
v -0.902429 8.108625 9.183027
v -1.006355 7.534391 10.039396
v -0.919583 7.661306 10.165100
v -0.991348 6.187239 9.180187
v -1.019789 7.018460 10.808460
v -0.933449 7.130576 10.958920
v -1.004025 5.357645 9.905951
v -1.008417 4.717690 10.157457
v -1.030104 6.376523 11.399008
v -0.944094 6.462805 11.568357
v -1.037165 5.575231 11.803261
v -1.040971 4.460058 12.021173
v -0.951646 5.621311 12.000734
v -0.955680 4.444024 12.231703
v 0.276157 2.103284 5.440766
v 0.279096 3.151686 5.272483
v 0.267741 2.098572 5.922592
v 0.287512 3.156402 4.790661
v 0.274703 1.280865 5.524011
v 0.266287 1.276150 6.005829
v 0.268063 0.468784 5.904164
v 0.276479 0.473496 5.422338
v 0.274825 -0.403442 5.517026
v 0.283242 -0.398726 5.035202
v -0.762640 -0.045297 2.160780
v -0.210757 -0.045297 2.170420
v -0.760831 0.194359 2.057225
v -0.208949 0.194359 2.066864
v 0.080399 8.356166 8.676092
v 0.088896 8.885983 8.189642
v 0.056855 8.587479 10.023973
v 0.122191 8.657843 6.283480
v 0.086100 7.634422 8.349745
v 0.082856 6.615149 8.535496
v 0.133278 8.157404 5.648779
v -0.125101 9.276920 -15.517658
v -0.208274 9.230336 -10.756031
v -0.014251 10.241106 -14.784414
v -2.076431 7.884893 4.769727
v -1.524549 7.884893 4.779366
v -2.071931 7.788566 4.512093
v -1.520049 7.788562 4.521732
v 0.176434 4.440528 -10.713545
v 1.970033 4.373944 -3.874070
v 0.057551 4.373940 -3.907476
v 2.088916 4.440533 -10.680140
v -1.854932 4.373940 -3.940882
v -1.736049 4.440528 -10.746950
v -0.598409 1.071065 1.384183
v 0.528306 1.071069 1.403862
v -0.586316 2.918842 0.691837
v 0.540399 2.918845 0.711515
v -0.022044 -0.404215 9.106283
v 0.043927 -0.367263 5.329413
v -0.002563 1.257719 7.990961
v 0.035434 1.279000 5.815630
v 0.022104 3.098706 6.578769
v 0.045792 3.111974 5.222626
v 0.729475 6.332088 -17.563490
v 0.703412 6.317490 -16.071329
v 1.044369 6.718728 -17.427750
v 1.020504 6.705361 -16.061399
v 0.270178 6.175514 -16.080498
v 0.297041 6.190564 -17.618431
v -0.760736 -0.282873 2.051827
v -0.762640 -0.045297 2.160780
v -0.756303 -0.041749 1.798011
v -0.760831 0.194359 2.057225
v -0.756236 -0.379204 1.794195
v -0.756370 0.295705 1.801827
v -0.751775 -0.277853 1.538797
v -0.751869 0.199374 1.544193
v -0.749966 -0.038201 1.435242
v -0.610194 9.716393 10.304392
v -0.546788 9.368411 11.039843
v -0.539863 9.714342 10.643400
v -0.545046 8.962954 10.940117
v -0.539686 8.720592 10.633286
v -0.650665 9.354412 9.879686
v -0.575942 8.574867 10.216486
v -0.601388 8.513222 9.800262
v -0.679165 9.100533 9.451056
v -0.730078 8.540337 8.298763
v -0.723045 9.097136 8.791229
v -0.775221 9.306549 8.402073
v -0.764168 9.317001 7.769285
v -0.751030 8.538062 7.017120
v -0.750590 9.151690 6.991979
v -0.461362 8.689568 6.149198
v -0.462867 8.474138 6.235373
v -0.713981 -0.387888 3.596953
v -0.813181 -1.384064 9.276180
v -0.813367 -0.443552 9.286816
v -0.700168 -1.320762 2.806189
v -0.673473 0.993999 1.277887
v -0.655382 0.229420 0.242173
v -0.639175 2.733060 -0.685732
v -0.660989 2.901643 0.563107
v -0.954091 -2.941635 12.059641
v -0.987687 -6.283262 13.983082
v -1.013897 -5.535897 15.483599
v -0.553427 -6.888023 12.426931
v -0.597113 -6.950790 12.649252
v -0.521189 -3.681506 10.581268
v -0.980301 -2.194273 13.560165
v -0.630594 -4.677777 16.844769
v -0.599624 -1.444986 15.071659
v -0.670083 -4.884825 16.775173
v -1.557741 8.983641 -9.942606
v -1.001398 9.084987 -10.188364
v -1.553280 9.084991 -10.198004
v -1.005859 8.983641 -9.932966
v -0.516424 9.995142 -5.401208
v -0.505676 10.001167 -6.016526
v -0.505597 9.600710 -6.021051
v -0.516345 9.594690 -5.405733
v -1.548685 8.511432 -10.461035
v -1.001264 8.410086 -10.195993
v -1.553146 8.410086 -10.205633
v -0.996802 8.511432 -10.451395
v -0.495814 2.098572 5.909253
v -0.484459 3.151686 5.259146
v -0.487398 2.103284 5.427429
v -0.476043 3.156402 4.777324
v -0.488852 1.280865 5.510674
v -0.497268 1.276150 5.992492
v -0.495492 0.468784 5.890827
v -0.487076 0.473500 5.409001
v -0.488730 -0.403442 5.503689
v -0.480314 -0.398726 5.021864
v -2.076298 7.209989 4.762098
v -1.524415 7.209989 4.771738
v -2.080798 7.306316 5.019729
v -1.528916 7.306316 5.029368
v -0.749966 -0.038201 1.435242
v -0.198084 -0.038201 1.444882
v -0.751775 -0.277853 1.538797
v -0.199893 -0.277853 1.548437
v -0.404753 8.356166 8.667618
v -0.428296 8.587479 10.015499
v -0.396256 8.885983 8.181168
v -0.362960 8.657843 6.275005
v -0.399052 7.634422 8.341270
v -0.404753 8.356166 8.667618
v -0.362960 8.657843 6.275005
v -0.402296 6.615149 8.527021
v -0.402296 6.615149 8.527021
v -0.362960 8.657843 6.275005
v -0.351874 8.157400 5.640306
v -0.251421 -0.367266 5.324252
v -0.317392 -0.404219 9.101122
v -0.297911 1.257715 7.985799
v -0.259914 1.278996 5.810470
v -0.273244 3.098702 6.573608
v -0.249556 3.111970 5.217465
v -1.587746 3.108187 -2.165747
v -1.035863 3.108187 -2.156107
v -1.589649 3.345766 -2.056797
v -1.037766 3.345766 -2.047157
v -1.747369 0.112819 10.376778
v -1.191026 0.214165 10.131020
v -1.742908 0.214165 10.121378
v -1.195487 0.112823 10.386417
v -0.575688 7.246884 -17.278133
v -0.480355 6.705358 -16.087616
v -0.456490 6.718724 -17.453964
v -0.596551 7.235198 -16.083652
v -0.462683 7.775056 -17.099396
v -0.480565 7.765041 -16.075634
v 0.566530 -0.387884 3.619322
v 0.528306 1.071069 1.403862
v 0.488975 -0.270693 3.655591
v 0.467144 -0.443556 9.309179
v 0.390222 -0.326008 9.309164
v 0.607037 0.994003 1.300251
v 0.619522 2.901647 0.585474
v 0.540399 2.918845 0.711515
v 1.989906 4.575207 -11.089699
v -1.622797 4.575203 -11.152803
v -1.649890 4.560032 -9.601711
v 1.962812 4.560033 -9.538607
v 1.619765 5.897211 4.424250
v 1.760123 5.975824 -3.611308
v 1.937547 5.943925 4.203188
v 2.070590 6.018440 -3.413525
v 1.788191 5.991545 -5.218169
v 2.260183 6.121735 -14.267807
v 2.106233 6.035502 -5.454101
v 1.950607 6.082519 -14.516525
v -1.583379 3.686764 -2.415749
v -1.026996 3.590441 -2.663740
v -1.578879 3.590441 -2.673379
v -1.031496 3.686764 -2.406109
v -2.104556 5.943921 4.132584
v -1.971512 6.018436 -3.484129
v -1.654328 5.975821 -3.670949
v -1.794687 5.897207 4.364609
v -1.781919 6.121731 -14.338411
v -1.626261 5.991541 -5.277810
v -1.935870 6.035499 -5.524705
v -1.463844 6.082515 -14.576166
v -1.717826 -2.420370 15.258301
v -1.161482 -2.319020 15.012548
v -1.713365 -2.319020 15.002907
v -1.165943 -2.420370 15.267941
v -0.598409 1.071065 1.384183
v -0.713981 -0.387888 3.596953
v -0.637740 -0.270693 3.635908
v -0.813367 -0.443552 9.286816
v -0.736492 -0.326004 9.289488
v -0.673473 0.993999 1.277887
v -0.660989 2.901643 0.563107
v -0.586316 2.918842 0.691837
v 0.666621 3.076375 11.223894
v 1.348817 2.002821 8.646461
v 0.741670 2.530265 6.927277
v 1.295449 2.303759 11.701735
v -0.351874 8.157400 5.640306
v -0.362960 8.657843 6.275005
v 0.122191 8.657843 6.283480
v 0.133278 8.157404 5.648779
v 0.073876 9.313835 -4.842138
v 0.802978 9.590561 -4.959996
v 0.076156 9.590558 -4.972691
v 1.376718 9.453138 -4.862168
v -1.227474 9.453135 -4.907657
v 0.073876 9.313835 -4.842138
v -0.650667 9.590558 -4.985389
v 0.076156 9.590558 -4.972691
v 0.662712 -5.515241 11.447741
v 0.741670 2.530265 6.927277
v 1.348817 2.002821 8.646461
v 1.284539 -4.375857 12.326456
v -1.589649 3.345766 -2.056797
v -1.037766 3.345766 -2.047157
v -1.587840 3.585418 -2.160350
v -1.035957 3.585418 -2.150710
v -0.428296 8.587479 10.015499
v -0.404753 8.356166 8.667618
v 0.080399 8.356166 8.676092
v 0.056855 8.587479 10.023973
v -1.356806 9.067189 -15.719349
v -0.804924 9.067189 -15.709709
v -1.352344 9.168539 -15.974751
v -0.800462 9.168539 -15.965111
v -1.497640 3.333389 -10.436390
v -0.945758 3.333389 -10.426750
v -1.502140 3.429716 -10.178759
v -0.950258 3.429716 -10.169119
v -1.587840 3.585418 -2.160350
v -1.035957 3.585418 -2.150710
v -1.583379 3.686764 -2.415749
v -1.031496 3.686764 -2.406109
v 0.259484 7.036174 -15.468256
v 2.163948 7.025132 -14.305656
v 0.239763 7.025128 -14.339268
v 2.188695 7.036178 -15.434559
v -1.684420 7.025128 -14.372877
v -1.669725 7.036174 -15.501955
v -1.079593 3.076371 11.193392
v -1.671358 2.002817 8.593708
v -1.724725 2.303755 11.648970
v -1.004543 2.530261 6.896776
v 1.788191 5.991545 -5.218169
v 2.116997 7.661106 -6.070331
v 1.799546 7.706534 -5.868297
v 2.106233 6.035502 -5.454101
v 1.044369 6.718728 -17.427750
v 1.020504 6.705361 -16.061399
v 1.157356 7.246888 -17.247864
v 1.136490 7.235201 -16.053381
v 1.038176 7.775060 -17.073185
v 1.020294 7.765045 -16.049417
v 0.718746 8.161707 -16.949318
v 0.703049 8.152916 -16.050573
v 0.284651 8.303225 -16.909105
v 0.269759 8.294884 -16.056536
v 1.977008 7.756011 -4.273462
v 1.958246 4.517417 -3.199325
v 2.081397 4.568812 -3.218124
v 2.099902 7.756072 -4.277557
v 1.980562 8.369472 -4.476930
v 2.105504 8.720989 -4.598293
v -1.866718 4.517413 -3.266136
v -1.847957 7.756007 -4.340274
v -1.989137 4.568808 -3.289225
v -1.970632 7.756068 -4.348658
v -1.844402 8.369468 -4.543742
v -1.965030 8.720985 -4.669394
v 1.926699 9.200010 -4.769769
v 0.071707 8.960498 -4.717993
v 2.105504 8.720989 -4.598293
v 1.980562 8.369472 -4.476930
v 1.376718 9.453138 -4.862168
v 0.068080 8.369468 -4.510336
v 0.073876 9.313835 -4.842138
v -1.844402 8.369468 -4.543742
v -1.227474 9.453135 -4.907657
v -1.965030 8.720985 -4.669394
v -1.780346 9.200006 -4.834520
v -0.637740 -0.270693 3.635908
v 0.528306 1.071069 1.403862
v -0.598409 1.071065 1.384183
v 0.488975 -0.270693 3.655591
v -1.671358 2.002817 8.593708
v -1.083501 -5.515245 11.417238
v -1.735636 -4.375861 12.273703
v -1.004543 2.530261 6.896776
v -1.925107 7.661102 -6.140935
v -1.935870 6.035499 -5.524705
v -1.626261 5.991541 -5.277810
v -1.614905 7.706530 -5.927938
v -0.163473 8.152908 -16.065708
v 0.284651 8.303225 -16.909105
v 0.269759 8.294884 -16.056536
v -0.147775 8.161703 -16.964451
v -0.480565 7.765041 -16.075634
v -0.462683 7.775056 -17.099396
v -1.714047 7.831008 -12.006618
v 0.233092 7.850420 -13.957308
v 0.198436 7.831008 -11.973213
v -1.679391 7.850424 -13.990719
v 2.145574 7.850424 -13.923903
v 2.110919 7.831012 -11.939808
v -0.539686 8.720592 10.633286
v 0.146602 8.720592 10.645273
v -0.545046 8.962954 10.940117
v 0.141243 8.962954 10.952105
v -0.575942 8.574867 10.216486
v 0.197392 8.574867 10.229994
v -0.601388 8.513222 9.800262
v 0.237359 8.513226 9.814913
v 0.418409 8.540340 8.318825
v -0.730078 8.540337 8.298763
v 0.484106 8.538066 7.038694
v -0.751030 8.538062 7.017120
v 0.223421 8.474138 6.247360
v -0.462867 8.474138 6.235373
v -2.101746 3.490649 11.202850
v -1.554325 3.389302 11.467890
v -2.106207 3.389302 11.458250
v -1.549864 3.490649 11.212490
v -1.689986 4.656053 -4.171685
v 1.015882 2.831862 -3.466118
v 1.813247 4.656056 -4.110494
v -0.915610 2.831859 -3.499856
v 0.666621 3.076375 11.223894
v 0.644568 3.631628 12.486418
v 1.295449 2.303759 11.701735
v -0.760831 0.194359 2.057225
v -0.208949 0.194359 2.066864
v -0.756370 0.295705 1.801827
v -0.204488 0.295705 1.811467
v -0.131436 2.530261 6.912026
v -0.206486 3.076371 11.208643
v 0.666621 3.076375 11.223894
v 0.741670 2.530265 6.927277
v -1.079593 3.076371 11.193392
v -1.004543 2.530261 6.896776
v -2.071931 7.788566 4.512093
v -1.520049 7.788562 4.521732
v -2.070028 7.550987 4.403141
v -1.518145 7.550987 4.412781
v -1.079593 3.076371 11.193392
v -1.724725 2.303755 11.648970
v -1.101646 3.631624 12.455915
v -0.751869 0.199374 1.544193
v -0.199987 0.199374 1.553833
v -0.749966 -0.038201 1.435242
v -0.198084 -0.038201 1.444882
v -2.071837 7.311331 4.506697
v -1.519954 7.311331 4.516337
v -2.076298 7.209989 4.762098
v -1.524415 7.209989 4.771738
v -1.355590 3.847436 -16.034986
v -0.803708 3.847436 -16.025347
v -1.360090 3.943763 -15.777351
v -0.808207 3.943763 -15.767712
v 0.083458 9.995142 -5.390729
v -0.516424 9.995142 -5.401208
v -0.516345 9.594690 -5.405733
v 0.083537 9.594690 -5.395255
v 0.683339 9.995146 -5.380251
v 0.683418 9.594694 -5.384777
v -1.502235 3.906947 -10.173359
v -0.950353 3.906947 -10.163719
v -1.497774 4.008293 -10.428757
v -0.945891 4.008294 -10.419117
v -2.106341 4.064207 11.465881
v -1.554458 4.064208 11.475521
v -2.101840 3.967876 11.208246
v -1.549958 3.967876 11.217884
v -0.210394 -5.515245 11.432489
v -0.131436 2.530261 6.912026
v 0.741670 2.530265 6.927277
v 0.662712 -5.515241 11.447741
v -1.004543 2.530261 6.896776
v -1.083501 -5.515245 11.417238
v 0.390222 -0.326008 9.309164
v -0.637740 -0.270693 3.635908
v -0.736492 -0.326004 9.289488
v 0.488975 -0.270693 3.655591
v -0.553427 -6.888023 12.426931
v 0.129938 -3.681506 10.592642
v 0.097700 -6.888023 12.438307
v -0.521189 -3.681506 10.581268
v -0.756370 0.295705 1.801827
v -0.204488 0.295705 1.811467
v -0.751869 0.199374 1.544193
v -0.199987 0.199374 1.553833
v -0.476043 3.156402 4.777324
v 0.276157 2.103284 5.440766
v -0.487398 2.103284 5.427429
v 0.287512 3.156402 4.790661
v 0.274703 1.280865 5.524011
v -0.488852 1.280865 5.510674
v -0.487076 0.473500 5.409001
v 0.276479 0.473496 5.422338
v -0.480314 -0.398726 5.021864
v 0.283242 -0.398726 5.035202
v -2.070028 7.550987 4.403141
v -1.518145 7.550987 4.412781
v -2.071837 7.311331 4.506697
v -1.519954 7.311331 4.516337
v -1.360184 4.420998 -15.771955
v -0.803841 4.522345 -16.017714
v -1.355724 4.522345 -16.027353
v -0.808302 4.420995 -15.762316
v -1.559550 8.743988 -9.839054
v -1.007667 8.743988 -9.829414
v -1.557741 8.983641 -9.942606
v -1.005859 8.983641 -9.932966
v -1.553146 8.410086 -10.205633
v -1.001264 8.410086 -10.195993
v -1.557647 8.506409 -9.948002
v -1.005764 8.506409 -9.938362
v -0.206486 3.076371 11.208643
v -0.228538 3.631624 12.471167
v 0.644568 3.631628 12.486418
v 0.666621 3.076375 11.223894
v -1.101646 3.631624 12.455915
v -1.079593 3.076371 11.193392
v -1.736505 -0.119737 9.754795
v -1.184623 -0.119737 9.764435
v -1.738313 -0.359393 9.858349
v -1.186431 -0.359393 9.867989
v -1.502140 3.429716 -10.178759
v -0.950258 3.429716 -10.169119
v -1.504043 3.667291 -10.069807
v -0.952161 3.667291 -10.060167
v 0.223421 8.474138 6.247360
v -0.462867 8.474138 6.235373
v -0.461362 8.689568 6.149198
v 0.224927 8.689568 6.161185
v -1.649890 4.560032 -9.601711
v 1.234224 2.520383 -9.574406
v 1.962812 4.560033 -9.538607
v -0.920495 2.520379 -9.612043
v -1.742908 0.214165 10.121378
v -1.191026 0.214165 10.131020
v -1.738408 0.117838 9.863747
v -1.186526 0.117838 9.873384
v -1.504043 3.667291 -10.069807
v -0.952161 3.667291 -10.060167
v -1.502235 3.906947 -10.173359
v -0.950353 3.906947 -10.163719
v -1.352211 8.493630 -15.982378
v -0.804830 8.589962 -15.715105
v -1.356712 8.589962 -15.724745
v -0.800329 8.493634 -15.972738
v -1.598868 4.942998 -10.608494
v 1.789272 8.578032 -11.095711
v -1.422076 8.578032 -11.151804
v 1.946982 4.943003 -10.546558
v -1.017641 3.209491 -10.617949
v 1.946982 4.943003 -10.546558
v -1.598868 4.942998 -10.608494
v 1.366441 3.209495 -10.576305
v -1.557647 8.506409 -9.948002
v -1.005764 8.506409 -9.938362
v -1.559550 8.743988 -9.839054
v -1.007667 8.743988 -9.829414
v -2.099937 3.730301 11.099293
v -1.548055 3.730301 11.108932
v -2.101746 3.490649 11.202850
v -1.549864 3.490649 11.212490
v 0.562388 9.230336 -10.742569
v 1.789272 8.578032 -11.095711
v 1.252452 9.230340 -10.730516
v -0.208274 9.230336 -10.756031
v -1.422076 8.578032 -11.151804
v -0.898338 9.230336 -10.768085
v -1.706961 -2.652922 14.636322
v -1.155079 -2.652922 14.645962
v -1.708770 -2.892579 14.739876
v -1.156888 -2.892579 14.749516
v -2.101840 3.967876 11.208246
v -1.549958 3.967876 11.217884
v -2.099937 3.730301 11.099293
v -1.548055 3.730301 11.108932
v -1.738408 0.117838 9.863747
v -1.186526 0.117838 9.873384
v -1.736505 -0.119737 9.754795
v -1.184623 -0.119737 9.764435
v -1.358614 8.827533 -15.615795
v -0.804924 9.067189 -15.709709
v -1.356806 9.067189 -15.719349
v -0.806732 8.827537 -15.606159
v -1.679391 7.850424 -13.990719
v 0.239763 7.025128 -14.339268
v 0.233092 7.850420 -13.957308
v -1.684420 7.025128 -14.372877
v 2.145574 7.850424 -13.923903
v 2.163948 7.025132 -14.305656
v -1.360090 3.943763 -15.777351
v -0.810111 4.181342 -15.658762
v -1.361994 4.181342 -15.668402
v -0.808207 3.943763 -15.767712
v -1.713365 -2.319020 15.002907
v -1.156982 -2.415347 14.754913
v -1.708864 -2.415347 14.745274
v -1.161482 -2.319020 15.012548
v -1.361994 4.181342 -15.668402
v -0.810111 4.181342 -15.658762
v -1.360184 4.420998 -15.771955
v -0.808302 4.420995 -15.762316
v -1.356712 8.589962 -15.724745
v -0.804830 8.589962 -15.715105
v -1.358614 8.827533 -15.615795
v -0.806732 8.827537 -15.606159
v -1.708864 -2.415347 14.745274
v -1.156982 -2.415347 14.754913
v -1.706961 -2.652922 14.636322
v -1.155079 -2.652922 14.645962
vn -0.0166 -0.3157 0.9487
vn -0.0118 -0.7395 0.6731
vn -0.0159 -0.4169 0.9088
vn -0.0079 -0.8921 0.4518
vn -0.0078 -0.8940 0.4479
vn -0.0078 -0.8951 0.4457
vn -0.3641 0.7346 -0.5726
vn -0.6637 0.4810 -0.5728
vn -0.6415 0.5111 -0.5721
vn -0.7776 0.2114 -0.5922
vn -0.3845 0.7242 -0.5724
vn -0.7841 0.1686 -0.5972
vn 0.0098 0.8184 -0.5745
vn -0.7488 -0.1238 -0.6512
vn 0.0091 0.8185 -0.5744
vn -0.7321 -0.1647 -0.6610
vn 0.3965 0.7196 -0.5701
vn -0.4956 -0.4478 -0.7442
vn 0.3774 0.7295 -0.5704
vn -0.4668 -0.4675 -0.7507
vn 0.6659 0.4815 -0.5699
vn 0.0129 -0.6009 -0.7992
vn 0.6453 0.5095 -0.5693
vn 0.0125 -0.6008 -0.7993
vn 0.7841 0.1782 -0.5945
vn 0.4845 -0.4533 -0.7482
vn 0.7776 0.2184 -0.5896
vn 0.5121 -0.4332 -0.7417
vn 0.7532 -0.1092 -0.6486
vn 0.7381 -0.1485 -0.6581
vn 0.0121 0.3077 -0.9514
vn 0.0152 0.3058 -0.9520
vn 0.0034 0.3037 -0.9528
vn 0.0103 0.3074 -0.9515
vn 0.0045 0.3031 -0.9530
vn 0.0166 0.3084 -0.9511
vn 0.0213 0.3076 -0.9513
vn 0.0182 0.3057 -0.9519
vn 0.0288 0.3031 -0.9525
vn 0.0298 0.3036 -0.9523
vn 0.0229 0.3074 -0.9513
vn 0.0159 0.4169 -0.9088
vn 0.0175 0.0113 -0.9998
vn 0.0160 -0.3967 -0.9178
vn 0.0139 0.6043 -0.7967
vn -0.0061 -0.9367 0.3501
vn 0.0137 -0.6194 -0.7849
vn -0.0175 -0.0113 0.9998
vn 0.0167 -0.3011 -0.9534
vn 0.5644 0.3335 -0.7551
vn -0.0170 -0.2389 0.9709
vn -0.0162 0.3673 0.9300
vn -0.0163 0.3673 0.9300
vn -0.0115 0.7535 0.6573
vn -0.5377 0.3335 -0.7744
vn 0.8587 -0.3466 0.3774
vn -0.0014 -0.9969 0.0783
vn -0.0160 0.3967 0.9178
vn -0.8714 -0.3466 0.3472
vn -0.8714 -0.3466 0.3471
vn 0.7238 -0.0077 0.6900
vn -0.7475 -0.0077 0.6643
vn -0.0152 0.4968 0.8677
vn -0.0153 0.4809 0.8766
vn -0.0153 0.4810 0.8766
vn 0.0172 0.1680 -0.9856
vn 0.0147 0.5439 -0.8390
vn 0.0171 -0.1989 -0.9799
vn -0.0105 -0.7976 0.6030
vn 0.0061 0.9367 -0.3501
vn -0.0078 0.9508 0.3097
vn -0.0239 0.9995 0.0228
vn -0.0240 0.9995 0.0225
vn -0.0078 0.9508 0.3098
vn -0.0084 0.8760 0.4823
vn -0.0084 0.8759 0.4823
vn -0.0113 0.7605 0.6493
vn -0.0144 0.5681 0.8228
vn -0.0166 0.3122 0.9499
vn -0.0171 0.1925 0.9811
vn 0.0163 -0.3631 -0.9316
vn -0.0174 -0.0805 0.9966
vn -0.0086 -0.8691 0.4946
vn -0.0085 -0.8691 0.4946
vn -0.0172 0.1793 0.9836
vn 0.8458 -0.5319 0.0411
vn 0.8458 -0.5319 0.0412
vn 0.0047 -0.9626 -0.2708
vn -0.8467 -0.5319 0.0116
vn -0.8468 -0.5319 0.0116
vn 0.8556 -0.3885 0.3421
vn 0.4304 0.7227 0.5408
vn 0.4305 0.7226 0.5408
vn 0.4305 0.7227 0.5408
vn 0.1871 0.7757 0.6027
vn -0.2081 0.7757 0.5958
vn -0.4491 0.7226 0.5254
vn -0.4491 0.7227 0.5255
vn -0.4492 0.7226 0.5254
vn -0.4491 0.7226 0.5255
vn -0.0096 0.8351 0.5500
vn -0.8670 -0.3885 0.3120
vn 0.0064 -0.9295 -0.3687
vn 0.0064 -0.9295 -0.3688
vn 0.9028 0.2047 0.3782
vn -0.0163 0.3642 0.9312
vn -0.0149 0.5253 0.8508
vn -0.0168 -0.2795 0.9600
vn -0.0160 -0.4057 0.9139
vn -0.9154 0.2047 0.3465
vn 0.5124 0.3079 0.8017
vn -0.0150 0.5081 0.8612
vn -0.0152 0.4876 0.8730
vn -0.0149 0.5234 0.8519
vn -0.5401 0.3079 0.7833
vn -0.0002 1.0000 0.0098
vn 0.4158 0.9093 0.0162
vn -0.0064 0.9295 0.3687
vn 0.2307 0.9729 0.0135
vn -0.2311 0.9729 0.0055
vn -0.4161 0.9093 0.0016
vn 0.7128 0.7011 0.0193
vn 0.9343 0.3559 0.0198
vn 0.9343 0.3558 0.0198
vn 0.7774 0.6287 0.0197
vn -0.7131 0.7011 -0.0056
vn 0.0795 -0.3504 -0.9332
vn 0.0813 -0.3503 -0.9331
vn 0.0800 -0.3503 -0.9332
vn 0.0828 -0.3503 -0.9330
vn 0.0827 -0.3503 -0.9330
vn 0.0165 -0.3315 -0.9433
vn 0.0165 -0.3316 -0.9433
vn 0.0170 -0.3244 -0.9458
vn 0.0172 -0.3224 -0.9464
vn 0.0165 -0.3224 -0.9464
vn 0.0159 -0.3224 -0.9465
vn 0.0160 -0.3244 -0.9458
vn -0.0488 -0.3503 -0.9354
vn -0.0474 -0.3503 -0.9354
vn -0.0473 -0.3503 -0.9354
vn -0.0485 -0.3503 -0.9354
vn -0.0500 -0.3503 -0.9353
vn -0.0501 -0.3503 -0.9353
vn -0.7776 0.6287 -0.0074
vn 0.0002 -1.0000 -0.0098
vn 0.0003 -0.9999 -0.0170
vn 0.0088 -0.8639 -0.5037
vn 0.0088 -0.8639 -0.5036
vn -0.1058 -0.8409 -0.5307
vn 0.1242 -0.8409 -0.5267
vn -0.1020 -0.3637 -0.9259
vn 0.1343 -0.3637 -0.9218
vn 0.0164 -0.3476 -0.9375
vn 0.0164 -0.3475 -0.9376
vn 0.0205 -0.3474 -0.9375
vn 0.0205 -0.3475 -0.9375
vn 0.0123 -0.3474 -0.9376
vn 0.0123 -0.3475 -0.9376
vn -0.9345 0.3559 -0.0128
vn -0.9345 0.3558 -0.0128
vn 0.5413 -0.3023 -0.7846
vn 0.8460 -0.4638 -0.2629
vn 0.8661 -0.3327 -0.3730
vn 0.8471 -0.5256 -0.0786
vn 0.1242 -0.8410 -0.5266
vn 0.8366 -0.5478 0.0082
vn 0.8368 -0.5474 0.0093
vn 0.1342 -0.3637 -0.9218
vn 0.8608 -0.1818 -0.4754
vn 0.1493 0.9887 0.0123
vn 0.1404 0.9900 0.0121
vn 0.9998 -0.0000 0.0175
vn 0.0166 -0.3194 -0.9475
vn 0.0165 -0.3194 -0.9475
vn -0.1496 0.9887 0.0071
vn -0.1407 0.9900 0.0072
vn 0.9130 -0.4078 0.0120
vn 0.9987 0.0402 0.0303
vn -0.5136 -0.3023 -0.8031
vn -0.5136 -0.3023 -0.8030
vn 0.9416 -0.3366 0.0132
vn 0.9988 0.0460 0.0179
vn 0.9481 -0.3177 0.0135
vn 0.9178 -0.3969 0.0121
vn 0.9992 -0.0146 0.0364
vn -0.0001 1.0000 0.0061
vn 0.0085 0.8731 -0.4875
vn 0.0101 0.8160 -0.5780
vn 0.0035 0.9793 -0.2025
vn -0.0040 0.9739 0.2271
vn -0.0034 0.9814 0.1919
vn 0.0019 0.9940 -0.1091
vn 0.0057 0.9454 -0.3258
vn 0.0084 0.8780 -0.4786
vn -0.8363 -0.4638 -0.2923
vn -0.8363 -0.5478 -0.0210
vn -0.8438 -0.5256 -0.1082
vn -0.8366 -0.5475 -0.0200
vn -0.8525 -0.3327 -0.4031
vn -0.1057 -0.8410 -0.5307
vn -0.8437 -0.1818 -0.5052
vn -0.0240 0.9995 0.0227
vn -0.0349 0.9922 -0.1196
vn -0.0240 0.9995 0.0224
vn -0.0350 0.9922 -0.1196
vn -0.9968 0.0786 -0.0158
vn -0.9972 0.0734 -0.0156
vn -0.9972 0.0735 -0.0156
vn -0.9971 0.0742 -0.0156
vn -0.9967 0.0792 -0.0158
vn -0.9998 -0.0000 -0.0175
vn -0.9992 0.0365 -0.0136
vn -0.9992 0.0366 -0.0136
vn -0.9128 -0.4078 -0.0199
vn -0.9998 -0.0101 -0.0161
vn -0.9415 -0.3366 -0.0197
vn -0.9990 -0.0416 -0.0149
vn -0.9990 -0.0417 -0.0150
vn 0.8735 0.4857 -0.0330
vn 0.9935 0.1120 0.0216
vn 0.9931 0.1170 0.0106
vn 0.9997 0.0044 0.0249
vn 0.8806 0.4719 0.0431
vn 0.9998 0.0012 0.0215
vn 0.9998 -0.0009 0.0206
vn 0.9967 0.0702 0.0397
vn 0.8819 0.4426 0.1622
vn 0.9998 -0.0001 0.0177
vn 0.9969 0.0602 0.0503
vn 0.8842 0.4003 0.2408
vn 0.9974 0.0460 0.0560
vn 0.8923 0.3326 0.3051
vn 0.9970 0.0356 0.0686
vn 0.8993 0.2389 0.3662
vn 0.9962 0.0222 0.0842
vn 0.9957 0.0145 0.0915
vn 0.9064 0.1244 0.4038
vn 0.9078 0.0776 0.4121
vn -0.9988 0.0460 -0.0170
vn -0.9177 -0.3969 -0.0199
vn -0.9480 -0.3177 -0.0197
vn -0.0042 0.9700 0.2432
vn 0.9918 0.1263 0.0186
vn 0.3849 -0.9230 -0.0023
vn 0.3848 -0.9230 -0.0023
vn 0.9910 -0.0301 0.1303
vn 0.9954 -0.0431 0.0860
vn 0.9912 -0.0402 0.1260
vn 0.9953 -0.0350 0.0902
vn 0.9412 0.2463 0.2313
vn 0.9890 -0.0484 0.1394
vn 0.9891 -0.0493 0.1386
vn 0.9900 -0.0727 0.1211
vn 0.9902 -0.0732 0.1191
vn 0.9973 -0.0416 0.0603
vn 0.9923 -0.0551 0.1113
vn 0.9966 -0.0616 0.0556
vn 0.9990 -0.0271 0.0368
vn 0.9970 -0.0288 -0.0713
vn 0.9988 -0.0269 -0.0397
vn 0.9563 -0.0411 -0.2896
vn 0.9563 -0.0411 -0.2895
vn 0.9954 0.0388 0.0872
vn 0.9681 0.1133 0.2234
vn 0.9658 0.1209 0.2292
vn 0.9951 0.0416 0.0900
vn 0.9653 0.1227 0.2304
vn 0.9977 -0.0414 -0.0545
vn 0.9979 -0.0399 -0.0519
vn 0.9746 -0.1190 -0.1898
vn -0.3845 -0.9230 -0.0157
vn 0.5463 0.8374 0.0177
vn 0.3112 0.9502 0.0147
vn 0.3111 0.9502 0.0147
vn 0.5695 0.8218 0.0180
vn 0.7739 0.6330 0.0197
vn -0.8654 0.4971 -0.0630
vn -0.9936 0.1119 -0.0132
vn -0.8755 0.4830 0.0139
vn -0.9929 0.1169 -0.0237
vn -0.9999 0.0044 -0.0100
vn -0.9975 0.0699 0.0047
vn -0.9999 0.0014 -0.0135
vn -0.9999 -0.0009 -0.0143
vn -0.8842 0.4478 0.1327
vn -0.9981 0.0603 0.0154
vn -0.8921 0.4002 0.2099
vn -0.9999 -0.0001 -0.0172
vn -0.9987 0.0460 0.0211
vn -0.9024 0.3327 0.2737
vn -0.9988 0.0356 0.0337
vn -0.9116 0.2389 0.3346
vn -0.9985 0.0222 0.0493
vn -0.9983 0.0145 0.0567
vn -0.9199 0.1245 0.3718
vn -0.9217 0.0776 0.3801
vn -0.9919 0.1263 -0.0161
vn -0.0164 0.3509 0.9363
vn -0.5466 0.8374 -0.0014
vn -0.5698 0.8218 -0.0019
vn -0.7741 0.6330 -0.0073
vn -0.3115 0.9502 0.0039
vn -0.9950 -0.0301 0.0956
vn -0.9978 -0.0350 0.0554
vn -0.9487 0.2463 0.1983
vn -0.9978 -0.0431 0.0512
vn -0.9950 -0.0402 0.0913
vn -0.9933 -0.0485 0.1048
vn -0.9934 -0.0493 0.1040
vn -0.9936 -0.0727 0.0864
vn -0.9937 -0.0732 0.0845
vn -0.9988 -0.0416 0.0255
vn -0.9955 -0.0551 0.0765
vn -0.9979 -0.0616 0.0207
vn -0.9996 -0.0271 0.0019
vn -0.9939 -0.0288 -0.1061
vn -0.9969 -0.0269 -0.0746
vn -0.9456 -0.0411 -0.3228
vn -0.9954 -0.0399 -0.0867
vn -0.9951 -0.0414 -0.0893
vn -0.9976 0.0417 0.0552
vn -0.9674 -0.1190 -0.2237
vn -0.9979 0.0388 0.0524
vn -0.9733 0.1209 0.1953
vn -0.9753 0.1133 0.1895
vn -0.9728 0.1227 0.1966
vn 0.9984 0.0543 0.0180
vn 0.9766 0.2140 0.0192
vn 0.9997 0.0157 0.0176
vn 0.9767 -0.2140 0.0150
vn 0.8441 0.5251 0.1083
vn 0.8530 0.3465 0.3904
vn 0.8366 0.5475 0.0200
vn 0.8436 0.1835 0.5046
vn 0.1405 -0.9901 -0.0072
vn 0.1315 -0.9913 -0.0074
vn -0.1402 -0.9901 -0.0121
vn -0.1312 -0.9913 -0.0120
vn -0.0064 0.9295 0.3688
vn -0.8661 0.3465 0.3604
vn -0.8474 0.5251 0.0787
vn -0.8368 0.5475 -0.0093
vn -0.8608 0.1835 0.4748
vn 0.7717 0.6332 -0.0595
vn 0.0108 0.7853 -0.6190
vn -0.0279 0.4530 0.8911
vn -0.0033 0.4530 0.8915
vn -0.0033 0.4529 0.8915
vn 0.9006 -0.2215 -0.3739
vn -0.0030 -0.9856 0.1691
vn -0.7692 0.6332 -0.0864
vn 0.5428 0.2946 0.7865
vn 0.5427 0.2946 0.7865
vn -0.9767 0.2140 -0.0150
vn -0.9984 0.0543 -0.0169
vn -0.9997 0.0157 -0.0173
vn -0.9252 -0.3790 -0.0199
vn -0.9112 -0.4115 -0.0199
vn -0.6077 -0.7939 -0.0184
vn -0.5875 -0.8090 -0.0182
vn -0.3111 -0.9502 -0.0147
vn 0.0280 0.3149 0.9487
vn 0.0224 0.3149 0.9489
vn 0.0334 0.3148 0.9486
vn 0.0335 0.3148 0.9486
vn -0.0555 0.3149 0.9475
vn -0.0611 0.3149 0.9472
vn -0.0556 0.3149 0.9475
vn -0.0612 0.3149 0.9472
vn -0.0665 0.3148 0.9468
vn -0.0666 0.3148 0.9468
vn -0.0170 0.3244 0.9458
vn -0.0165 0.3318 0.9432
vn -0.0165 0.3315 0.9433
vn -0.0171 0.3224 0.9464
vn -0.0165 0.3224 0.9465
vn -0.0159 0.3224 0.9465
vn -0.0160 0.3244 0.9458
vn -0.0089 0.8591 0.5118
vn -0.8870 -0.2215 -0.4051
vn -0.5699 0.2946 0.7671
vn 0.5878 -0.8090 0.0024
vn 0.3115 -0.9502 -0.0039
vn 0.6080 -0.7939 0.0029
vn 0.7741 -0.6330 0.0073
vn -0.0081 -0.8865 0.4626
vn -0.0081 -0.8865 0.4627
vn -0.0108 -0.7848 0.6197
vn -0.0040 -0.9731 0.2305
vn -0.0002 -1.0000 0.0089
vn 0.0001 -1.0000 -0.0076
vn -0.0004 -0.9997 0.0232
vn -0.0004 -0.9997 0.0233
vn -0.0014 -0.9967 0.0810
vn -0.0164 0.3394 0.9405
vn 0.8187 0.5308 -0.2191
vn 0.0022 0.9920 -0.1260
vn -0.8105 0.5308 -0.2476
vn 0.0152 -0.4899 -0.8716
vn 0.0151 -0.4989 -0.8665
vn 0.0149 -0.5253 -0.8508
vn 0.0163 -0.3642 -0.9312
vn 0.0162 -0.3642 -0.9312
vn 0.0175 0.0114 -0.9998
vn 0.0168 0.2795 -0.9600
vn 0.0160 0.4057 -0.9139
vn 0.0070 0.9154 -0.4025
vn 0.0162 -0.3715 -0.9283
vn -0.0173 0.1486 0.9887
vn -0.0151 -0.4979 0.8671
vn -0.0158 -0.4201 0.9074
vt 0.129225 0.595489
vt 0.087242 0.595495
vt 0.126892 0.585332
vt 0.089573 0.585337
vt 0.126633 0.608762
vt 0.126640 0.675645
vt 0.085222 0.675650
vt 0.085215 0.608766
vt 0.168057 0.675641
vt 0.168050 0.608757
vt 0.719969 0.092979
vt 0.719965 0.068607
vt 0.729296 0.092977
vt 0.729292 0.068605
vt 0.063767 0.242879
vt 0.079285 0.290048
vt 0.017201 0.290045
vt 0.032726 0.242877
vt 0.017198 0.344906
vt 0.079281 0.344910
vt 0.063719 0.393911
vt 0.032754 0.393908
vt 0.428596 0.436783
vt 0.419434 0.448742
vt 0.417326 0.446824
vt 0.412321 0.461341
vt 0.429651 0.439432
vt 0.415077 0.462090
vt 0.443152 0.433818
vt 0.414927 0.476613
vt 0.442961 0.436669
vt 0.417686 0.475898
vt 0.455787 0.441198
vt 0.424612 0.488615
vt 0.457220 0.438667
vt 0.426503 0.486498
vt 0.464666 0.451818
vt 0.438994 0.493926
vt 0.467099 0.450161
vt 0.439204 0.491056
vt 0.467172 0.465683
vt 0.452441 0.488337
vt 0.470111 0.465320
vt 0.454038 0.490753
vt 0.465394 0.480189
vt 0.462678 0.479051
vt 0.231917 0.094484
vt 0.232730 0.184793
vt 0.217283 0.184818
vt 0.212192 0.094484
vt 0.233424 0.201144
vt 0.252030 0.125842
vt 0.241673 0.136127
vt 0.237797 0.150194
vt 0.266158 0.122057
vt 0.300399 0.094484
vt 0.241434 0.164390
vt 0.251778 0.174952
vt 0.266158 0.178892
vt 0.280322 0.125784
vt 0.290751 0.136069
vt 0.294668 0.150194
vt 0.299586 0.184793
vt 0.291006 0.164456
vt 0.298892 0.201144
vt 0.280585 0.175026
vt 0.315033 0.184818
vt 0.320124 0.094484
vt 0.757276 0.092973
vt 0.757273 0.068601
vt 0.766603 0.092972
vt 0.766599 0.068600
vt 0.207890 0.430800
vt 0.221078 0.453642
vt 0.198236 0.440454
vt 0.194702 0.453642
vt 0.221078 0.427266
vt 0.198236 0.466830
vt 0.234266 0.430800
vt 0.207890 0.476484
vt 0.243920 0.440454
vt 0.221078 0.480018
vt 0.247454 0.453642
vt 0.234266 0.476484
vt 0.243920 0.466830
vt 0.686954 0.037498
vt 0.686950 0.013126
vt 0.696281 0.037497
vt 0.696277 0.013125
vt 0.407069 0.182803
vt 0.387385 0.206975
vt 0.383610 0.182799
vt 0.403287 0.206976
vt 0.785257 0.092969
vt 0.785253 0.068597
vt 0.794583 0.092968
vt 0.794580 0.068595
vt 0.677627 0.037500
vt 0.677623 0.013127
vt 0.229874 0.051337
vt 0.302442 0.051337
vt 0.731197 0.394392
vt 0.759302 0.427620
vt 0.731197 0.427620
vt 0.759302 0.394392
vt 0.759302 0.361165
vt 0.731197 0.361165
vt 0.863810 0.716835
vt 0.852422 0.749246
vt 0.852422 0.716835
vt 0.863810 0.749810
vt 0.852422 0.684425
vt 0.872209 0.748965
vt 0.863810 0.683861
vt 0.872209 0.716835
vt 0.872209 0.684706
vt 0.569923 0.237644
vt 0.560763 0.277290
vt 0.560763 0.238637
vt 0.569923 0.278423
vt 0.775926 0.068598
vt 0.775930 0.092970
vt 0.745753 0.948681
vt 0.756189 0.927623
vt 0.756189 0.948681
vt 0.745753 0.927622
vt 0.768875 0.948682
vt 0.768875 0.927623
vt 0.182104 0.761095
vt 0.203005 0.811232
vt 0.241941 0.804812
vt 0.172837 0.783048
vt 0.126647 0.746445
vt 0.085230 0.746449
vt 0.168065 0.746440
vt 0.640320 0.037505
vt 0.640316 0.013133
vt 0.649647 0.037504
vt 0.649643 0.013132
vt 0.738623 0.092976
vt 0.738619 0.068604
vt 0.731197 0.453967
vt 0.658974 0.037502
vt 0.658970 0.013130
vt 0.731197 0.334818
vt 0.043969 0.403301
vt 0.080719 0.573936
vt 0.043989 0.573940
vt 0.080700 0.403297
vt 0.007258 0.573944
vt 0.007239 0.403305
vt 0.089549 0.415254
vt 0.126869 0.415249
vt 0.180493 0.690698
vt 0.191116 0.737899
vt 0.180494 0.748906
vt 0.191116 0.701705
vt 0.175799 0.748906
vt 0.175798 0.690698
vt 0.837714 0.037500
vt 0.837710 0.013127
vt 0.847041 0.037498
vt 0.847037 0.013126
vt 0.929199 0.173374
vt 0.878414 0.261213
vt 0.878404 0.195585
vt 0.929217 0.283408
vt 0.580665 0.522152
vt 0.547438 0.500381
vt 0.580665 0.500381
vt 0.546320 0.522152
vt 0.613893 0.500381
vt 0.615010 0.522152
vt 0.680802 0.556054
vt 0.669415 0.588183
vt 0.669415 0.556054
vt 0.680802 0.588183
vt 0.680802 0.523925
vt 0.669415 0.523925
vt 0.747949 0.092975
vt 0.747946 0.068603
vt 0.856364 0.013125
vt 0.856368 0.037497
vt 0.720504 0.345806
vt 0.658365 0.310982
vt 0.720509 0.310993
vt 0.658359 0.345795
vt 0.658353 0.381144
vt 0.720498 0.381154
vt 0.658348 0.412746
vt 0.720493 0.412756
vt 0.658343 0.443187
vt 0.720488 0.443197
vt 0.720482 0.475609
vt 0.658338 0.475599
vt 0.658331 0.517188
vt 0.720475 0.517198
vt 0.634400 0.588183
vt 0.634400 0.556054
vt 0.634400 0.523925
vt 0.229012 0.884258
vt 0.254670 0.852911
vt 0.254670 0.884258
vt 0.229012 0.852911
vt 0.229012 0.928255
vt 0.254670 0.928255
vt 0.101231 0.756796
vt 0.128954 0.784061
vt 0.173124 0.425709
vt 0.135843 0.425714
vt 0.175401 0.415561
vt 0.133563 0.415567
vt 0.277186 0.988045
vt 0.259103 0.966273
vt 0.305291 0.966273
vt 0.434088 0.784786
vt 0.447300 0.909033
vt 0.420953 0.887262
vt 0.420953 0.781449
vt 0.420953 0.762296
vt 0.540102 0.781449
vt 0.526967 0.784786
vt 0.540102 0.762296
vt 0.828387 0.037501
vt 0.828384 0.013129
vt 0.513755 0.909033
vt 0.540102 0.887262
vt 0.480527 0.784786
vt 0.480527 0.909033
vt 0.480527 0.762296
vt 0.277186 0.988045
vt 0.259103 0.966273
vt 0.705604 0.013123
vt 0.705607 0.037495
vt 0.131161 0.959789
vt 0.157557 0.991142
vt 0.911551 0.554551
vt 0.888690 0.531346
vt 0.911551 0.531346
vt 0.888690 0.554551
vt 0.911551 0.572765
vt 0.888690 0.572765
vt 0.911551 0.590685
vt 0.888690 0.590685
vt 0.911551 0.610105
vt 0.888690 0.610105
vt 0.714931 0.013122
vt 0.714934 0.037494
vt 0.580396 0.237644
vt 0.571236 0.277361
vt 0.571236 0.238707
vt 0.580396 0.278423
vt 0.193134 0.594857
vt 0.193141 0.690574
vt 0.176078 0.612958
vt 0.176083 0.672476
vt 0.201907 0.594857
vt 0.201913 0.690573
vt 0.865695 0.037495
vt 0.865691 0.013123
vt 0.856827 0.911044
vt 0.871406 0.911044
vt 0.856827 0.929730
vt 0.871406 0.929730
vt 0.871406 0.948417
vt 0.856827 0.948417
vt 0.827446 0.951795
vt 0.837646 0.970482
vt 0.827446 0.970482
vt 0.837646 0.951795
vt 0.827446 0.989168
vt 0.837646 0.989168
vt 0.802281 0.678545
vt 0.766980 0.695723
vt 0.764951 0.678545
vt 0.804309 0.695720
vt 0.668300 0.037501
vt 0.668297 0.013129
vt 0.800164 0.660625
vt 0.763577 0.660625
vt 0.800164 0.615343
vt 0.764951 0.597423
vt 0.802281 0.597423
vt 0.763577 0.615343
vt 0.763577 0.637984
vt 0.775572 0.656670
vt 0.775572 0.637984
vt 0.790152 0.656670
vt 0.775572 0.619297
vt 0.800164 0.637984
vt 0.790152 0.637984
vt 0.790152 0.619297
vt 0.766980 0.580247
vt 0.804309 0.580245
vt 0.660800 0.602313
vt 0.660768 0.889511
vt 0.637840 0.897320
vt 0.637874 0.593680
vt 0.771098 0.707883
vt 0.808427 0.707876
vt 0.070651 0.056385
vt 0.070651 0.190368
vt 0.054325 0.185541
vt 0.054325 0.047887
vt 0.718733 0.889517
vt 0.718766 0.602319
vt 0.246214 0.239479
vt 0.246214 0.349727
vt 0.225209 0.349727
vt 0.225209 0.212073
vt 0.269671 0.239479
vt 0.290676 0.212073
vt 0.290676 0.349727
vt 0.269671 0.349727
vt 0.741659 0.897332
vt 0.741694 0.593691
vt 0.435987 0.072812
vt 0.433405 0.062298
vt 0.435987 0.062298
vt 0.433405 0.078836
vt 0.433405 0.007668
vt 0.435987 0.006788
vt 0.476209 0.082941
vt 0.437227 0.087045
vt 0.448825 0.091384
vt 0.476209 0.088996
vt 0.476209 0.072812
vt 0.503594 0.091384
vt 0.516432 0.072812
vt 0.515191 0.087045
vt 0.519014 0.078836
vt 0.519014 0.062298
vt 0.516432 0.062298
vt 0.519014 0.007668
vt 0.516432 0.006788
vt 0.054325 0.047887
vt 0.070651 0.190368
vt 0.931533 0.668638
vt 0.931501 0.828249
vt 0.883432 0.828247
vt 0.883464 0.668636
vt 0.883431 0.833196
vt 0.931500 0.833199
vt 0.931485 0.913368
vt 0.883416 0.913366
vt 0.931484 0.918550
vt 0.883415 0.918548
vt 0.931469 0.992007
vt 0.883400 0.992005
vt 0.460923 0.093732
vt 0.476209 0.093732
vt 0.491495 0.093732
vt 0.771095 0.568089
vt 0.808424 0.568086
vt 0.595558 0.184880
vt 0.563429 0.107170
vt 0.595558 0.107170
vt 0.563429 0.184880
vt 0.627687 0.184880
vt 0.627687 0.107170
vt 0.563429 0.087891
vt 0.627687 0.087891
vt 0.595558 0.087891
vt 0.563429 0.059152
vt 0.627687 0.059152
vt 0.595558 0.059152
vt 0.480527 0.500381
vt 0.480527 0.579017
vt 0.420953 0.500381
vt 0.420953 0.579017
vt 0.540102 0.500381
vt 0.540102 0.579017
vt 0.561439 0.232959
vt 0.570600 0.193244
vt 0.570600 0.234023
vt 0.561439 0.194306
vt 0.991798 0.491900
vt 0.946240 0.419008
vt 0.990335 0.494455
vt 0.949228 0.419020
vt 0.993171 0.496755
vt 0.990427 0.666116
vt 0.993171 0.666116
vt 0.945382 0.415658
vt 0.874122 0.390971
vt 0.874680 0.387972
vt 0.439238 0.290034
vt 0.448398 0.119077
vt 0.448398 0.285479
vt 0.439237 0.114481
vt 0.499387 0.297302
vt 0.499386 0.119181
vt 0.508548 0.292266
vt 0.508547 0.123429
vt 0.809127 0.813286
vt 0.816288 0.732371
vt 0.842256 0.813280
vt 0.779935 0.732377
vt 0.810683 0.394392
vt 0.764495 0.428737
vt 0.764495 0.394392
vt 0.810683 0.453967
vt 0.764495 0.360047
vt 0.810683 0.334818
vt 0.487051 0.104988
vt 0.487052 0.300683
vt 0.547201 0.278120
vt 0.547200 0.109002
vt 0.391331 0.402726
vt 0.406904 0.362225
vt 0.406904 0.397973
vt 0.391331 0.355713
vt 0.406904 0.542063
vt 0.391331 0.547676
vt 0.370216 0.409170
vt 0.309113 0.577310
vt 0.305291 0.433478
vt 0.305291 0.594746
vt 0.309113 0.610693
vt 0.391331 0.860461
vt 0.391331 0.650490
vt 0.391331 0.584377
vt 0.406904 0.841308
vt 0.406904 0.579392
vt 0.406904 0.658029
vt 0.259103 0.609761
vt 0.406904 0.308937
vt 0.391331 0.313690
vt 0.857225 0.319221
vt 0.819724 0.377123
vt 0.819703 0.319235
vt 0.857246 0.377109
vt 0.937209 0.316683
vt 0.902712 0.379661
vt 0.902722 0.316678
vt 0.937200 0.379666
vt 0.160985 0.042788
vt 0.160985 0.216401
vt 0.630501 0.595151
vt 0.630466 0.901635
vt 0.546320 0.878664
vt 0.580665 0.878664
vt 0.615010 0.878664
vt 0.204133 0.184033
vt 0.204133 0.042788
vt 0.623098 0.414226
vt 0.480889 0.463062
vt 0.480885 0.414237
vt 0.623102 0.463051
vt 0.370216 0.346885
vt 0.370216 0.320134
vt 0.501798 0.919774
vt 0.508984 0.941103
vt 0.501799 0.938971
vt 0.508982 0.917641
vt 0.521224 0.916301
vt 0.521227 0.942441
vt 0.532024 0.915294
vt 0.532027 0.943447
vt 0.546045 0.944995
vt 0.546042 0.913743
vt 0.555589 0.912094
vt 0.555591 0.946643
vt 0.569057 0.946642
vt 0.569054 0.912093
vt 0.586021 0.946641
vt 0.586019 0.912091
vt 0.603556 0.938963
vt 0.603554 0.919766
vt 0.045240 0.959789
vt 0.993171 0.496759
vt 0.990335 0.494455
vt 0.949228 0.419019
vt 0.945384 0.415659
vt 0.720516 0.269644
vt 0.658372 0.269634
vt 0.623094 0.366884
vt 0.480881 0.366896
vt 0.406904 0.362224
vt 0.406904 0.397973
vt 0.406904 0.308937
vt 0.809101 0.462677
vt 0.816280 0.543590
vt 0.779927 0.543592
vt 0.842229 0.462675
vt 0.406904 0.542063
vt 0.391331 0.547676
vt 0.305291 0.594746
vt 0.259103 0.609761
vt 0.772555 0.046088
vt 0.757150 0.052366
vt 0.757274 0.030632
vt 0.741818 0.045913
vt 0.779008 0.030756
vt 0.735540 0.030508
vt 0.772730 0.015352
vt 0.741994 0.015176
vt 0.757399 0.008898
vt 0.391331 0.584377
vt 0.406904 0.579392
vt 0.406904 0.658028
vt 0.406904 0.841308
vt 0.391330 0.860461
vt 0.309113 0.577310
vt 0.366972 0.404751
vt 0.294404 0.263505
vt 0.366972 0.263505
vt 0.294404 0.404751
vt 0.692906 0.088423
vt 0.677501 0.094702
vt 0.677625 0.072967
vt 0.662169 0.088248
vt 0.699359 0.073092
vt 0.655891 0.072843
vt 0.693081 0.057687
vt 0.662345 0.057511
vt 0.677749 0.051233
vt 0.860457 0.377116
vt 0.897978 0.319227
vt 0.897979 0.377115
vt 0.860456 0.319228
vt 0.370216 0.346885
vt 0.870882 0.228737
vt 0.832995 0.229393
vt 0.869957 0.221879
vt 0.854084 0.185164
vt 0.832491 0.236471
vt 0.823020 0.192230
vt 0.819913 0.121742
vt 0.801025 0.231335
vt 0.799510 0.237682
vt 0.784817 0.175159
vt 0.769759 0.224528
vt 0.766747 0.230507
vt 0.742971 0.213668
vt 0.738932 0.219239
vt 0.756653 0.153914
vt 0.744032 0.135306
vt 0.720427 0.197592
vt 0.715445 0.202340
vt 0.702038 0.175126
vt 0.686316 0.141344
vt 0.695799 0.178620
vt 0.679127 0.142891
vt 0.160985 0.042788
vt 0.160985 0.216401
vt 0.480877 0.318071
vt 0.623091 0.318059
vt 0.852993 0.088423
vt 0.837588 0.094702
vt 0.837712 0.072967
vt 0.822256 0.088248
vt 0.859446 0.073092
vt 0.815978 0.072843
vt 0.853168 0.057687
vt 0.822432 0.057511
vt 0.837836 0.051233
vt 0.749067 0.595164
vt 0.749032 0.901648
vt 0.407095 0.302048
vt 0.383577 0.302048
vt 0.360282 0.195031
vt 0.844107 0.985433
vt 0.844107 0.952305
vt 0.847931 0.985178
vt 0.847931 0.951795
vt 0.595960 0.992322
vt 0.613103 0.971690
vt 0.604995 0.964914
vt 0.615639 0.982912
vt 0.604965 0.992357
vt 0.584768 0.982213
vt 0.593946 0.960778
vt 0.582881 0.958964
vt 0.573432 0.975087
vt 0.542910 0.959308
vt 0.555866 0.974815
vt 0.545454 0.980493
vt 0.528579 0.980610
vt 0.508758 0.958899
vt 0.507903 0.975836
vt 0.489943 0.963635
vt 0.493533 0.955542
vt 0.968474 0.508095
vt 0.968474 0.666116
vt 0.930389 0.442498
vt 0.868644 0.420396
vt 0.219972 0.334148
vt 0.220000 0.390004
vt 0.098165 0.387762
vt 0.092703 0.334207
vt 0.093050 0.382323
vt 0.092678 0.281046
vt 0.219948 0.280987
vt 0.097798 0.225826
vt 0.092655 0.231227
vt 0.219922 0.225769
vt 0.857829 0.952305
vt 0.857829 0.985433
vt 0.854004 0.985178
vt 0.854004 0.951795
vt 0.805968 0.973387
vt 0.816168 0.987966
vt 0.805968 0.987966
vt 0.816168 0.973387
vt 0.010199 0.144771
vt 0.044748 0.157959
vt 0.009139 0.157959
vt 0.044748 0.144771
vt 0.013112 0.135117
vt 0.044748 0.135117
vt 0.898222 0.501559
vt 0.901937 0.524764
vt 0.888285 0.501559
vt 0.911874 0.524764
vt 0.896314 0.483345
vt 0.886377 0.483345
vt 0.888285 0.465425
vt 0.898222 0.465425
vt 0.896066 0.446005
vt 0.906002 0.446005
vt 0.271772 0.482082
vt 0.294477 0.501890
vt 0.282345 0.427970
vt 0.283805 0.578460
vt 0.240425 0.494881
vt 0.196428 0.486946
vt 0.261897 0.603763
vt 0.430390 0.195031
vt 0.679847 0.227306
vt 0.592874 0.259435
vt 0.592874 0.227306
vt 0.679847 0.259435
vt 0.592874 0.195177
vt 0.679847 0.195177
vt 0.940418 0.933716
vt 0.987246 0.933709
vt 0.940454 0.994445
vt 0.987281 0.994439
vt 0.860473 0.828466
vt 0.785122 0.828466
vt 0.852302 0.865997
vt 0.797007 0.865997
vt 0.809962 0.907531
vt 0.781408 0.907531
vt 0.010199 0.171147
vt 0.044748 0.171147
vt 0.013112 0.180801
vt 0.044748 0.180801
vt 0.595960 0.992322
vt 0.507903 0.975836
vt 0.968474 0.508095
vt 0.868644 0.420396
vt 0.219962 0.280997
vt 0.092693 0.280975
vt 0.092684 0.334136
vt 0.097848 0.225759
vt 0.092702 0.231157
vt 0.219972 0.225780
vt 0.219953 0.334158
vt 0.098112 0.387695
vt 0.219945 0.390014
vt 0.093000 0.382253
vt 0.819061 0.037502
vt 0.819057 0.013130
vt 0.799672 0.973387
vt 0.799672 0.987966
vt 0.789472 0.987966
vt 0.789472 0.973387
vt 0.883862 0.501559
vt 0.870210 0.524764
vt 0.873925 0.501559
vt 0.860273 0.524764
vt 0.875833 0.483345
vt 0.885771 0.483345
vt 0.883862 0.465425
vt 0.873925 0.465425
vt 0.876082 0.446005
vt 0.866145 0.446005
vt 0.271772 0.482082
vt 0.283805 0.578461
vt 0.240425 0.494881
vt 0.785122 0.828466
vt 0.860473 0.828466
vt 0.809962 0.907531
vt 0.781408 0.907531
vt 0.017091 0.121929
vt 0.044748 0.121929
vt 0.021044 0.108741
vt 0.044747 0.108741
vt 0.928793 0.444880
vt 0.965731 0.508194
vt 0.965731 0.666116
vt 0.868085 0.423398
vt 0.948166 0.401029
vt 0.948147 0.286334
vt 0.985604 0.286327
vt 0.985624 0.401023
vt 0.556361 0.103961
vt 0.556361 0.282378
vt 0.496212 0.099617
vt 0.496212 0.306073
vt 0.131130 0.973892
vt 0.007595 0.973892
vt 0.197077 0.968167
vt 0.222380 0.968167
vt 0.222380 0.993825
vt 0.197077 0.993825
vt 0.381656 0.014356
vt 0.366370 0.009619
vt 0.381656 0.009619
vt 0.354271 0.011968
vt 0.409041 0.011968
vt 0.396942 0.009619
vt 0.252268 0.936174
vt 0.252268 0.990286
vt 0.226610 0.990286
vt 0.226610 0.936174
vt 0.875021 0.037494
vt 0.875018 0.013122
vt 0.849621 0.716271
vt 0.835194 0.748597
vt 0.835194 0.716271
vt 0.849621 0.748681
vt 0.835194 0.683945
vt 0.849621 0.683861
vt 0.581072 0.234023
vt 0.571912 0.194376
vt 0.581072 0.193244
vt 0.571912 0.233030
vt 0.017091 0.193989
vt 0.044748 0.193989
vt 0.021044 0.207177
vt 0.044748 0.207177
vt 0.023938 0.216832
vt 0.044747 0.216831
vt 0.025008 0.230020
vt 0.044748 0.230019
vt 0.341434 0.041054
vt 0.341434 0.096564
vt 0.338852 0.095683
vt 0.338852 0.041054
vt 0.341434 0.030539
vt 0.338852 0.024515
vt 0.421878 0.096564
vt 0.421878 0.041054
vt 0.424460 0.095683
vt 0.424460 0.041054
vt 0.421878 0.030539
vt 0.424460 0.024515
vt 0.342674 0.016306
vt 0.381656 0.020411
vt 0.381656 0.030539
vt 0.420638 0.016306
vt 0.940378 0.865890
vt 0.987206 0.865884
vt 0.044747 0.099086
vt 0.025007 0.085899
vt 0.044747 0.085898
vt 0.023938 0.099087
vt 0.410972 0.357234
vt 0.436326 0.389364
vt 0.410972 0.389364
vt 0.436326 0.357234
vt 0.436326 0.421493
vt 0.410972 0.421493
vt 0.736358 0.948681
vt 0.736359 0.927622
vt 0.725983 0.950016
vt 0.725983 0.926287
vt 0.716159 0.951019
vt 0.716160 0.925283
vt 0.681173 0.920530
vt 0.681172 0.955770
vt 0.651278 0.919200
vt 0.651277 0.957099
vt 0.637609 0.923004
vt 0.637604 0.953294
vt 0.356766 0.049352
vt 0.406126 0.138313
vt 0.354693 0.162840
vt 0.407269 0.075742
vt 0.027293 0.859510
vt 0.027299 0.800554
vt 0.049916 0.800556
vt 0.049910 0.859513
vt 0.004682 0.800552
vt 0.004676 0.859508
vt 0.841433 0.929730
vt 0.841433 0.911044
vt 0.851634 0.911044
vt 0.851634 0.929730
vt 0.841433 0.948417
vt 0.851634 0.948417
vt 0.040643 0.776634
vt 0.040667 0.583572
vt 0.076581 0.583576
vt 0.076557 0.776638
vt 0.004753 0.583567
vt 0.004729 0.776629
vt 0.987121 0.720894
vt 0.940293 0.720901
vt 0.135866 0.596001
vt 0.173148 0.595996
vt 0.887950 0.610105
vt 0.865088 0.586900
vt 0.887950 0.586900
vt 0.865088 0.610105
vt 0.865088 0.568686
vt 0.887950 0.568686
vt 0.887950 0.550766
vt 0.865088 0.550766
vt 0.887950 0.531346
vt 0.865088 0.531346
vt 0.809734 0.037504
vt 0.809730 0.013132
vt 0.027300 0.785069
vt 0.049917 0.785071
vt 0.004683 0.785067
vt 0.800407 0.037505
vt 0.800403 0.013133
vt 0.622595 0.957906
vt 0.622604 0.918385
vt 0.934498 0.173382
vt 0.985311 0.261204
vt 0.934516 0.283416
vt 0.985300 0.195577
vt 0.263289 0.406494
vt 0.230300 0.377516
vt 0.261656 0.377516
vt 0.228667 0.406494
vt 0.257617 0.420335
vt 0.234339 0.420335
vt 0.242216 0.372279
vt 0.235478 0.372279
vt 0.249741 0.372279
vt 0.256479 0.372279
vt 0.693033 0.521214
vt 0.704420 0.553344
vt 0.693033 0.553344
vt 0.704420 0.521018
vt 0.693033 0.585473
vt 0.704420 0.585669
s 1
f 1/1/1 2/2/1 3/3/1
f 3/3/1 2/2/1 4/4/1
f 5/5/2 6/6/2 7/7/2
f 5/5/2 7/7/2 8/8/2
f 6/6/2 5/5/2 9/9/2
f 10/10/2 9/9/2 5/5/2
f 11/11/3 12/12/3 13/13/3
f 13/13/3 12/12/3 14/14/3
f 15/15/4 16/16/5 17/17/5
f 15/15/4 17/17/5 18/18/4
f 16/16/5 19/19/6 17/17/5
f 16/16/5 20/20/6 19/19/6
f 20/20/6 21/21/6 19/19/6
f 21/21/6 22/22/6 19/19/6
f 23/23/7 24/24/8 25/25/9
f 24/24/8 26/26/10 25/25/9
f 24/24/8 23/23/7 27/27/11
f 26/26/10 24/24/8 28/28/12
f 29/29/13 27/27/11 23/23/7
f 28/28/12 30/30/14 26/26/10
f 31/31/15 27/27/11 29/29/13
f 30/30/14 28/28/12 32/32/16
f 29/29/13 33/33/17 31/31/15
f 32/32/16 34/34/18 30/30/14
f 33/33/17 29/29/13 35/35/19
f 34/34/18 32/32/16 36/36/20
f 35/35/19 37/37/21 33/33/17
f 36/36/20 38/38/22 34/34/18
f 37/37/21 35/35/19 39/39/23
f 38/38/22 36/36/20 40/40/24
f 39/39/23 41/41/25 37/37/21
f 42/42/26 38/38/22 40/40/24
f 41/41/25 39/39/23 43/43/27
f 44/44/28 38/38/22 42/42/26
f 45/45/29 41/41/25 43/43/27
f 46/46/30 44/44/28 42/42/26
f 46/46/30 41/41/25 45/45/29
f 44/44/28 46/46/30 45/45/29
f 47/47/31 48/48/32 49/49/33
f 47/47/31 49/49/33 50/50/34
f 49/49/33 48/48/32 51/51/35
f 52/52/36 53/53/36 47/47/31
f 47/47/31 53/53/36 54/54/36
f 55/55/36 52/52/36 47/47/31
f 48/48/32 47/47/31 54/54/36
f 56/56/37 55/55/36 47/47/31
f 57/57/36 48/48/32 54/54/36
f 58/58/36 48/48/32 57/57/36
f 59/59/36 48/48/32 58/58/36
f 55/55/36 56/56/37 60/60/36
f 60/60/36 56/56/37 61/61/36
f 62/62/36 61/61/36 56/56/37
f 48/48/32 59/59/36 63/63/38
f 63/63/38 62/62/36 56/56/37
f 63/63/38 51/51/35 48/48/32
f 64/64/36 62/62/36 63/63/38
f 65/65/39 51/51/35 63/63/38
f 66/66/36 64/64/36 63/63/38
f 59/59/36 66/66/36 63/63/38
f 65/65/39 63/63/38 67/67/40
f 56/56/37 67/67/40 63/63/38
f 67/67/40 56/56/37 68/68/41
f 69/69/42 70/70/42 71/71/42
f 71/71/42 70/70/42 72/72/42
f 73/73/43 74/74/43 75/75/43
f 75/75/43 74/74/43 76/76/43
f 77/77/43 74/74/43 73/73/43
f 76/76/43 74/74/43 78/78/43
f 79/79/43 74/74/43 77/77/43
f 78/78/43 74/74/43 80/80/43
f 81/81/43 74/74/43 79/79/43
f 80/80/43 74/74/43 82/82/43
f 83/83/43 74/74/43 81/81/43
f 82/82/43 74/74/43 84/84/43
f 85/85/43 74/74/43 83/83/43
f 84/84/43 74/74/43 85/85/43
f 86/86/44 87/87/44 88/88/44
f 88/88/44 87/87/44 89/89/44
f 90/90/45 91/91/45 92/92/45
f 91/91/45 90/90/45 93/93/45
f 94/94/46 95/95/46 96/96/46
f 96/96/46 95/95/46 97/97/46
f 98/98/42 99/87/42 100/86/42
f 99/87/42 98/98/42 101/99/42
f 102/50/47 103/100/47 104/47/47
f 103/100/47 105/56/47 104/47/47
f 105/56/47 103/100/47 106/101/47
f 106/101/47 107/68/47 105/56/47
f 108/102/48 109/103/48 110/104/48
f 109/103/48 108/102/48 111/105/48
f 108/102/48 112/106/48 111/105/48
f 112/106/48 108/102/48 113/107/48
f 114/108/49 115/109/49 116/110/49
f 115/109/49 114/108/49 117/111/49
f 118/112/49 114/108/49 116/110/49
f 114/108/49 119/113/49 117/111/49
f 120/114/49 114/108/49 118/112/49
f 119/113/49 114/108/49 121/115/49
f 122/116/49 114/108/49 120/114/49
f 114/108/49 122/116/49 121/115/49
f 123/117/50 124/118/50 125/119/50
f 124/118/50 123/117/50 126/120/50
f 127/71/44 128/121/44 129/122/44
f 128/121/44 127/71/44 130/72/44
f 131/123/51 132/124/52 133/125/53
f 132/124/52 131/123/51 134/126/51
f 133/125/53 132/124/52 135/127/54
f 135/127/54 132/124/52 136/128/54
f 137/11/3 138/12/3 139/13/3
f 139/13/3 138/12/3 140/14/3
f 141/118/55 142/117/55 143/119/55
f 142/117/55 141/118/55 144/120/55
f 145/129/56 146/130/56 147/131/56
f 146/130/56 145/129/56 148/132/56
f 149/6/57 150/133/57 151/134/57
f 149/6/57 151/134/57 152/7/57
f 150/133/57 149/6/57 153/135/57
f 154/9/57 153/135/57 149/6/57
f 155/136/3 156/137/3 157/138/3
f 157/138/3 156/137/3 158/139/3
f 159/13/58 160/14/58 161/140/58
f 161/140/58 160/14/58 162/141/58
f 163/130/59 164/129/60 165/131/60
f 164/129/60 163/130/59 166/132/59
f 167/103/61 168/142/61 169/104/61
f 170/138/58 171/139/58 172/143/58
f 172/143/58 171/139/58 173/144/58
f 174/106/62 175/107/62 176/145/62
f 177/146/63 178/147/63 179/148/63
f 178/147/63 177/146/63 180/149/63
f 181/150/63 177/146/63 179/148/63
f 177/146/63 181/150/63 182/151/63
f 183/3/64 184/152/64 185/153/64
f 184/152/64 183/3/64 186/4/65
f 187/154/66 188/155/67 189/156/66
f 188/155/67 187/154/66 190/157/67
f 191/158/68 187/154/66 189/156/66
f 187/154/66 191/158/68 192/159/68
f 193/160/42 194/161/42 195/162/42
f 195/162/42 194/161/42 196/163/42
f 197/164/43 198/165/43 199/166/43
f 198/165/43 197/164/43 200/167/43
f 201/168/69 202/169/69 203/170/69
f 202/169/69 201/168/69 204/171/69
f 205/172/69 201/168/69 203/170/69
f 206/173/69 201/168/69 205/172/69
f 207/174/49 208/175/49 209/176/49
f 208/175/49 207/174/49 210/177/49
f 211/178/49 207/174/49 209/176/49
f 209/176/49 212/179/49 211/178/49
f 213/180/70 214/70/70 215/69/70
f 214/70/70 213/180/70 216/181/70
f 217/162/44 218/182/44 219/183/44
f 218/182/44 217/162/44 220/163/44
f 221/94/46 222/95/46 223/96/46
f 223/96/46 222/95/46 224/97/46
f 225/184/71 226/185/72 227/186/73
f 226/185/72 225/184/71 228/187/74
f 225/184/71 229/188/75 228/187/74
f 230/189/76 229/188/75 225/184/71
f 230/189/76 231/190/77 229/188/75
f 231/190/77 230/189/76 232/191/77
f 232/191/77 233/192/78 231/190/77
f 233/192/78 232/191/77 234/193/78
f 235/194/79 233/192/78 234/193/78
f 233/192/78 235/194/79 236/195/79
f 235/194/79 237/196/80 236/195/79
f 237/196/80 235/194/79 238/197/80
f 239/176/81 240/198/81 241/199/81
f 240/198/81 239/176/81 242/175/81
f 243/200/81 239/176/81 241/199/81
f 239/176/81 243/200/81 244/179/81
f 245/201/82 246/202/83 247/203/82
f 246/202/83 245/201/82 248/204/84
f 247/203/82 249/205/85 245/201/82
f 250/206/85 249/205/85 247/203/82
f 251/160/42 252/161/42 253/162/42
f 253/162/42 252/161/42 254/163/42
f 255/129/86 256/207/87 257/208/86
f 255/129/86 257/208/86 258/132/86
f 259/13/58 260/14/58 261/140/58
f 261/140/58 260/14/58 262/141/58
f 263/209/88 264/210/88 265/211/88
f 265/211/88 264/210/88 266/212/88
f 267/129/89 268/208/90 269/207/90
f 268/208/90 267/129/89 270/132/89
f 271/213/91 272/214/91 273/215/91
f 274/216/92 275/217/93 276/218/93
f 276/218/93 277/219/94 274/216/92
f 278/216/95 279/219/95 280/220/95
f 281/221/96 282/222/96 283/223/96
f 284/224/70 285/225/70 286/160/70
f 286/160/70 285/225/70 287/161/70
f 288/162/44 289/163/44 290/183/44
f 290/183/44 289/163/44 291/182/44
f 292/226/97 293/222/98 294/227/99
f 295/221/100 294/227/99 293/222/98
f 296/228/101 297/229/101 298/217/101
f 296/228/101 299/226/101 297/229/101
f 296/228/101 298/217/101 300/216/101
f 299/226/101 296/228/101 301/222/101
f 300/216/101 302/230/101 296/228/101
f 302/230/101 301/222/101 296/228/101
f 302/230/101 300/216/101 303/220/101
f 301/222/101 302/230/101 304/223/101
f 305/231/102 306/215/102 307/232/102
f 308/88/103 309/233/103 310/234/103
f 309/233/103 308/88/103 311/89/104
f 312/131/105 313/235/105 314/236/105
f 313/235/105 312/131/105 315/130/105
f 316/13/58 317/14/58 318/140/58
f 318/140/58 317/14/58 319/141/58
f 320/94/46 321/95/46 322/96/46
f 322/96/46 321/95/46 323/97/46
f 324/237/106 325/238/107 326/239/107
f 325/238/107 324/237/106 327/240/106
f 328/241/48 327/240/106 324/237/106
f 327/240/106 328/241/48 329/242/48
f 330/243/108 329/242/48 328/241/48
f 329/242/48 330/243/108 331/244/108
f 332/245/109 331/244/108 330/243/108
f 331/244/108 332/245/109 333/246/109
f 334/131/110 335/235/110 336/130/110
f 335/235/110 334/131/110 337/236/110
f 338/234/46 339/247/46 340/248/46
f 339/247/46 338/234/46 341/233/46
f 342/249/111 343/250/111 344/251/111
f 343/250/111 342/249/111 345/252/111
f 346/253/112 347/254/112 348/255/113
f 348/255/113 347/254/112 349/256/113
f 350/257/114 347/254/112 346/253/112
f 347/254/112 350/257/114 351/258/114
f 352/250/115 353/249/115 354/251/115
f 353/249/115 352/250/115 355/252/115
f 356/183/103 357/182/103 358/259/103
f 358/259/103 357/182/103 359/260/103
f 360/261/116 361/262/116 362/263/116
f 361/262/116 363/264/116 362/263/116
f 364/265/116 362/263/116 363/264/116
f 362/263/116 364/265/116 365/266/116
f 366/267/43 367/268/43 368/269/43
f 367/268/43 366/267/43 369/270/43
f 367/268/43 370/271/43 368/269/43
f 370/271/43 367/268/43 371/272/43
f 372/273/117 373/274/117 374/275/117
f 373/274/117 372/273/117 375/276/117
f 376/277/70 377/278/70 378/98/70
f 378/98/70 377/278/70 379/99/70
f 380/140/118 381/141/118 382/180/118
f 382/180/118 381/141/118 383/181/118
f 384/279/119 385/275/119 386/280/119
f 385/275/119 384/279/119 387/273/119
f 388/11/3 389/12/3 390/13/3
f 390/13/3 389/12/3 391/14/3
f 392/281/120 393/282/120 394/283/120
f 393/282/120 392/281/120 395/284/120
f 396/285/116 397/286/116 398/280/116
f 399/279/116 398/280/116 397/286/116
f 397/286/116 396/285/116 400/287/116
f 399/279/116 397/286/116 401/288/116
f 396/285/116 402/289/116 400/287/116
f 403/290/116 399/279/116 401/288/116
f 402/289/116 396/285/116 404/284/116
f 405/291/116 403/290/116 401/288/116
f 404/284/116 406/281/116 402/289/116
f 407/292/116 403/290/116 405/291/116
f 406/281/116 403/290/116 407/292/116
f 402/289/116 406/281/116 407/292/116
f 408/283/121 409/293/121 410/294/121
f 409/293/121 408/283/121 411/282/121
f 412/295/122 413/296/122 414/297/122
f 412/295/122 414/297/122 415/298/122
f 416/11/3 417/12/3 418/13/3
f 418/13/3 417/12/3 419/14/3
f 420/299/123 421/276/124 422/300/124
f 421/276/124 420/299/123 423/274/123
f 424/301/125 425/302/125 426/303/125
f 424/301/125 426/303/125 427/304/125
f 428/305/116 429/295/116 430/306/116
f 429/295/116 428/305/116 431/296/116
f 432/307/116 433/308/116 434/309/116
f 434/309/116 435/310/116 432/307/116
f 435/310/116 436/311/116 432/307/116
f 435/310/116 437/312/116 436/311/116
f 438/313/116 436/311/116 437/312/116
f 436/311/116 438/313/116 439/314/116
f 440/122/103 441/121/103 442/94/103
f 442/94/103 441/121/103 443/95/103
f 444/315/126 445/306/126 446/316/126
f 445/306/126 444/315/126 447/305/126
f 448/143/118 449/144/118 450/277/118
f 450/277/118 449/144/118 451/278/118
f 452/317/127 453/318/128 454/319/128
f 453/318/128 452/317/127 455/320/129
f 453/318/128 456/321/130 454/319/128
f 457/322/131 454/319/128 456/321/130
f 458/320/132 459/323/133 460/324/134
f 459/323/133 461/325/135 460/324/134
f 462/317/132 459/323/133 458/320/132
f 461/325/135 459/323/133 463/326/136
f 459/323/133 462/317/132 464/327/132
f 459/323/133 465/328/137 463/326/136
f 466/329/132 459/323/133 464/327/132
f 465/328/137 459/323/133 467/330/138
f 459/323/133 466/329/132 468/331/132
f 468/331/132 467/330/138 459/323/133
f 469/332/139 470/331/140 471/329/141
f 469/332/139 471/329/141 472/333/142
f 472/333/142 473/334/143 469/332/139
f 473/334/143 472/333/142 474/335/144
f 475/303/145 476/301/145 477/336/145
f 476/301/145 475/303/145 478/337/145
f 479/338/146 480/339/147 481/340/147
f 479/338/146 481/340/147 482/341/146
f 480/339/147 483/342/148 481/340/147
f 484/343/149 483/342/148 480/339/147
f 485/344/150 483/342/148 484/343/149
f 483/342/148 485/344/150 486/345/151
f 487/346/152 486/345/151 485/344/150
f 486/345/151 487/346/152 488/347/153
f 489/348/154 488/347/153 487/346/152
f 488/347/153 489/348/154 490/349/154
f 491/326/155 492/350/156 493/325/157
f 492/350/156 491/326/155 494/351/155
f 495/352/158 494/351/155 491/326/155
f 491/326/155 496/328/159 495/352/158
f 497/353/160 498/294/161 499/293/160
f 498/294/161 497/353/160 500/354/161
f 501/355/116 502/356/116 503/357/116
f 502/356/116 501/355/116 504/358/116
f 501/355/116 503/357/116 505/359/116
f 506/360/116 505/359/116 503/357/116
f 503/357/116 502/356/116 507/361/116
f 508/362/116 506/360/116 503/357/116
f 509/363/116 503/357/116 507/361/116
f 508/362/116 503/357/116 509/363/116
f 509/363/116 507/361/116 510/364/116
f 509/363/116 511/365/116 508/362/116
f 512/366/116 509/363/116 510/364/116
f 511/365/116 509/363/116 512/366/116
f 513/367/116 514/368/116 515/369/116
f 514/368/116 516/370/116 515/369/116
f 517/371/116 514/368/116 513/367/116
f 514/368/116 518/220/116 516/370/116
f 517/371/116 519/372/116 514/368/116
f 518/220/116 514/368/116 520/230/116
f 519/372/116 520/230/116 514/368/116
f 519/372/116 521/223/116 520/230/116
f 522/373/162 523/374/162 524/375/162
f 523/374/162 522/373/162 525/376/162
f 526/377/163 527/378/164 528/379/165
f 527/378/164 526/377/163 529/380/166
f 526/377/163 528/379/165 530/381/167
f 528/379/165 531/382/168 530/381/167
f 532/383/168 530/381/167 531/382/168
f 533/384/169 527/378/164 529/380/166
f 533/384/169 534/385/170 527/378/164
f 534/385/170 533/384/169 535/386/170
f 536/387/171 537/388/171 538/389/171
f 537/388/171 536/387/171 539/390/171
f 540/391/172 541/392/172 542/393/172
f 542/393/172 541/392/172 543/394/172
f 544/395/173 545/396/173 546/397/173
f 545/396/173 544/395/173 547/398/173
f 547/398/173 548/300/173 545/396/173
f 548/300/173 547/398/173 549/299/173
f 550/399/174 551/400/174 552/401/174
f 550/399/174 553/402/174 551/400/174
f 554/403/175 550/399/174 552/401/174
f 555/404/175 550/399/174 554/403/175
f 556/389/173 557/405/173 558/406/173
f 557/405/173 556/389/173 559/388/173
f 560/407/173 561/394/173 562/408/173
f 561/394/173 560/407/173 563/393/173
f 564/388/176 565/387/176 566/389/176
f 565/387/176 564/388/176 567/390/176
f 568/393/177 569/394/177 570/392/177
f 568/393/177 570/392/177 571/391/177
f 572/409/173 573/410/173 574/411/173
f 573/410/173 572/409/173 575/412/173
f 576/413/173 572/409/173 574/411/173
f 572/409/173 576/413/173 577/414/173
f 572/409/173 577/414/173 578/415/173
f 579/416/173 578/415/173 577/414/173
f 579/416/173 580/417/173 578/415/173
f 581/418/173 580/417/173 579/416/173
f 579/416/173 582/419/173 581/418/173
f 583/215/173 581/418/173 582/419/173
f 583/215/173 582/419/173 584/420/173
f 584/420/173 582/419/173 585/421/173
f 586/422/173 585/421/173 582/419/173
f 584/420/173 585/421/173 587/423/173
f 588/424/173 585/421/173 586/422/173
f 587/423/173 585/421/173 589/425/173
f 588/424/173 589/425/173 585/421/173
f 590/426/178 591/215/178 592/214/178
f 591/215/178 590/426/178 593/418/178
f 594/427/179 595/412/179 596/428/179
f 595/412/179 594/427/179 597/410/179
f 598/373/180 599/374/181 600/376/181
f 599/374/181 598/373/180 601/375/180
f 602/429/182 603/430/182 604/431/182
f 603/430/182 602/429/182 605/432/182
f 606/433/146 607/434/146 608/435/146
f 607/434/146 606/433/146 609/436/146
f 610/302/183 611/437/183 612/438/183
f 611/437/183 610/302/183 613/301/183
f 614/298/173 615/297/173 616/439/173
f 617/440/173 616/439/173 615/297/173
f 618/168/146 619/441/146 620/171/146
f 619/441/146 618/168/146 621/442/146
f 622/173/146 621/442/146 618/168/146
f 622/173/146 623/443/146 621/442/146
f 624/444/184 625/437/184 626/445/184
f 625/437/184 624/444/184 627/438/184
f 628/446/185 629/447/185 630/448/185
f 629/447/185 628/446/185 631/449/185
f 632/88/103 633/89/103 634/234/103
f 634/234/103 633/89/103 635/233/103
f 636/428/186 637/412/186 638/450/186
f 636/428/186 638/450/186 639/451/186
f 640/224/70 641/161/70 642/160/70
f 641/161/70 640/224/70 643/225/70
f 644/122/103 645/121/103 646/94/103
f 646/94/103 645/121/103 647/95/103
f 648/452/187 649/453/188 650/454/187
f 649/453/188 648/452/187 651/455/188
f 652/456/189 649/453/188 651/455/188
f 649/453/188 652/456/189 653/457/189
f 654/458/190 653/457/189 652/456/189
f 653/457/189 654/458/190 655/459/190
f 654/458/190 656/460/191 655/459/190
f 656/460/191 654/458/190 657/461/191
f 658/462/192 656/460/191 657/461/191
f 656/460/191 658/462/192 659/463/192
f 659/463/192 658/462/192 660/464/193
f 660/464/193 658/462/192 661/465/193
f 660/464/193 661/465/193 662/466/194
f 662/466/194 661/465/193 663/467/194
f 662/466/194 663/467/194 664/468/195
f 664/468/195 663/467/194 665/469/195
f 666/86/44 667/87/44 668/88/44
f 668/88/44 667/87/44 669/89/44
f 670/132/173 671/208/173 672/470/173
f 673/235/173 670/132/173 672/470/173
f 673/235/173 674/130/173 670/132/173
f 675/377/196 676/471/197 677/472/198
f 676/471/197 678/382/199 677/472/198
f 678/382/199 676/471/197 679/383/199
f 677/472/198 680/378/200 675/377/196
f 675/377/196 680/378/200 681/473/201
f 682/474/152 681/473/201 680/378/200
f 680/378/200 683/385/202 682/474/152
f 684/386/202 682/474/152 683/385/202
f 685/185/203 686/475/204 687/186/205
f 686/475/204 685/185/203 688/476/206
f 689/477/146 690/448/146 691/478/146
f 690/448/146 689/477/146 692/446/146
f 693/479/207 694/409/208 695/480/209
f 694/409/208 693/479/207 696/412/210
f 697/481/211 696/412/210 693/479/207
f 696/412/210 697/481/211 698/428/211
f 699/482/212 700/483/212 701/484/212
f 700/483/212 699/482/212 702/485/212
f 701/484/212 700/483/212 703/354/212
f 703/354/212 704/353/212 701/484/212
f 705/405/212 706/389/212 707/406/212
f 706/389/212 705/405/212 708/388/212
f 709/407/212 710/394/212 711/393/212
f 710/394/212 709/407/212 712/408/212
f 713/486/213 714/480/213 715/409/213
f 715/409/213 716/487/214 713/486/213
f 717/215/215 718/488/215 719/489/215
f 717/215/215 719/489/215 720/232/215
f 721/490/212 722/491/212 723/492/212
f 722/491/212 724/493/212 723/492/212
f 725/494/212 721/490/212 723/492/212
f 724/493/212 726/495/212 723/492/212
f 727/496/212 725/494/212 723/492/212
f 726/495/212 728/497/212 723/492/212
f 729/498/212 727/496/212 723/492/212
f 728/497/212 729/498/212 723/492/212
f 730/419/212 731/421/212 732/499/212
f 731/421/212 733/500/212 732/499/212
f 733/500/212 731/421/212 734/501/212
f 731/421/212 735/502/212 734/501/212
f 731/421/212 736/503/212 735/502/212
f 730/419/212 736/503/212 731/421/212
f 730/419/212 737/215/212 736/503/212
f 737/215/212 730/419/212 738/488/212
f 730/419/212 739/504/212 738/488/212
f 740/417/212 738/488/212 739/504/212
f 739/504/212 741/415/212 740/417/212
f 742/505/146 743/506/146 744/507/146
f 743/506/146 742/505/146 745/508/146
f 746/509/212 747/510/212 748/511/212
f 747/510/212 749/512/212 748/511/212
f 750/513/212 746/509/212 748/511/212
f 749/512/212 751/514/212 748/511/212
f 752/515/212 750/513/212 748/511/212
f 751/514/212 753/516/212 748/511/212
f 754/517/212 752/515/212 748/511/212
f 753/516/212 754/517/212 748/511/212
f 755/487/216 756/409/216 757/415/216
f 757/415/216 758/504/216 755/487/216
f 759/518/217 760/519/217 761/520/217
f 760/519/217 759/518/217 762/521/217
f 763/428/218 764/522/219 765/412/219
f 764/522/219 763/428/218 766/451/219
f 767/523/220 768/524/221 769/525/222
f 770/526/223 769/525/222 768/524/221
f 768/524/221 767/523/220 771/527/224
f 772/528/225 770/526/223 768/524/221
f 770/526/223 772/528/225 773/529/226
f 771/527/224 774/530/227 768/524/221
f 768/524/221 774/530/227 772/528/225
f 774/530/227 771/527/224 775/531/228
f 773/529/226 772/528/225 776/532/229
f 774/530/227 776/532/229 772/528/225
f 775/531/228 777/533/230 774/530/227
f 774/530/227 777/533/230 776/532/229
f 777/533/230 775/531/228 778/534/231
f 778/534/231 779/535/232 777/533/230
f 777/533/230 779/535/232 776/532/229
f 779/535/232 778/534/231 780/536/233
f 773/529/226 776/532/229 781/537/173
f 779/535/232 781/537/173 776/532/229
f 781/537/173 782/538/173 773/529/226
f 780/536/233 783/539/234 779/535/232
f 783/539/234 781/537/173 779/535/232
f 783/539/234 780/536/233 784/540/235
f 785/541/236 782/538/173 781/537/173
f 783/539/234 785/541/236 781/537/173
f 784/540/235 785/541/236 783/539/234
f 782/538/173 785/541/236 786/542/237
f 785/541/236 784/540/235 787/543/238
f 787/543/238 786/542/237 785/541/236
f 786/542/237 787/543/238 788/544/239
f 789/337/240 790/545/240 791/301/240
f 790/545/240 789/337/240 792/546/240
f 793/477/241 794/547/241 795/548/241
f 794/547/241 793/477/241 796/478/241
f 797/545/242 798/546/242 799/444/242
f 797/545/242 799/444/242 800/445/242
f 801/549/212 802/550/212 803/551/212
f 802/550/212 804/552/212 803/551/212
f 805/553/212 801/549/212 803/551/212
f 804/552/212 806/554/212 803/551/212
f 807/555/212 805/553/212 803/551/212
f 806/554/212 808/556/212 803/551/212
f 809/557/212 807/555/212 803/551/212
f 808/556/212 809/557/212 803/551/212
f 810/558/212 811/315/212 812/316/212
f 811/315/212 810/558/212 813/559/212
f 814/560/243 815/91/243 816/93/243
f 815/91/243 814/560/243 817/561/243
f 818/549/212 819/550/212 820/551/212
f 819/550/212 821/552/212 820/551/212
f 822/553/212 818/549/212 820/551/212
f 821/552/212 823/554/212 820/551/212
f 824/555/212 822/553/212 820/551/212
f 823/554/212 825/556/212 820/551/212
f 826/557/212 824/555/212 820/551/212
f 825/556/212 826/557/212 820/551/212
f 827/122/103 828/95/103 829/94/103
f 828/95/103 827/122/103 830/121/103
f 831/509/212 832/510/212 833/511/212
f 832/510/212 834/512/212 833/511/212
f 835/513/212 831/509/212 833/511/212
f 834/512/212 836/514/212 833/511/212
f 837/515/212 835/513/212 833/511/212
f 836/514/212 838/516/212 833/511/212
f 839/517/212 837/515/212 833/511/212
f 838/516/212 839/517/212 833/511/212
f 840/509/212 841/510/212 842/511/212
f 841/510/212 843/512/212 842/511/212
f 844/513/212 840/509/212 842/511/212
f 843/512/212 845/514/212 842/511/212
f 846/515/212 844/513/212 842/511/212
f 845/514/212 847/516/212 842/511/212
f 848/517/212 846/515/212 842/511/212
f 847/516/212 848/517/212 842/511/212
f 849/490/212 850/491/212 851/492/212
f 850/491/212 852/493/212 851/492/212
f 853/494/212 849/490/212 851/492/212
f 852/493/212 854/495/212 851/492/212
f 855/496/212 853/494/212 851/492/212
f 854/495/212 856/497/212 851/492/212
f 857/498/212 855/496/212 851/492/212
f 856/497/212 857/498/212 851/492/212
f 858/490/212 859/491/212 860/492/212
f 859/491/212 861/493/212 860/492/212
f 862/494/212 858/490/212 860/492/212
f 861/493/212 863/495/212 860/492/212
f 864/496/212 862/494/212 860/492/212
f 863/495/212 865/497/212 860/492/212
f 866/498/212 864/496/212 860/492/212
f 865/497/212 866/498/212 860/492/212
f 867/561/244 868/562/244 869/91/244
f 870/132/212 871/470/212 872/208/212
f 873/235/212 871/470/212 870/132/212
f 873/235/212 870/132/212 874/130/212
f 875/563/245 876/564/246 877/565/245
f 878/566/246 877/565/245 876/564/246
f 879/490/212 880/491/212 881/492/212
f 880/491/212 882/493/212 881/492/212
f 883/494/212 879/490/212 881/492/212
f 882/493/212 884/495/212 881/492/212
f 885/496/212 883/494/212 881/492/212
f 884/495/212 886/497/212 881/492/212
f 887/498/212 885/496/212 881/492/212
f 886/497/212 887/498/212 881/492/212
f 888/234/46 889/233/46 890/248/46
f 890/248/46 889/233/46 891/247/46
f 892/567/247 893/568/248 894/569/249
f 893/568/248 892/567/247 895/570/250
f 895/570/250 892/567/247 896/571/251
f 894/569/249 897/572/252 892/567/247
f 897/572/252 894/569/249 898/573/253
f 897/572/252 898/573/253 899/574/254
f 897/572/252 899/574/254 900/575/255
f 901/576/256 900/575/255 899/574/254
f 900/575/255 901/576/256 902/577/257
f 902/577/257 901/576/256 903/578/258
f 903/578/258 901/576/256 904/579/259
f 901/576/256 905/580/260 904/579/259
f 904/579/259 905/580/260 906/581/261
f 905/580/260 907/582/262 906/581/261
f 907/582/262 905/580/260 908/583/263
f 909/584/173 910/382/173 911/379/173
f 910/382/173 909/584/173 912/585/173
f 911/379/173 913/586/173 909/584/173
f 913/586/173 911/379/173 914/378/173
f 914/378/173 915/385/173 913/586/173
f 913/586/173 915/385/173 916/587/173
f 917/588/264 918/589/265 919/590/266
f 919/590/266 920/591/267 917/588/264
f 920/591/267 919/590/266 921/592/268
f 922/593/269 917/588/264 920/591/267
f 917/588/264 922/593/269 923/594/270
f 923/594/270 922/593/269 924/595/271
f 924/595/271 922/593/269 925/596/271
f 926/597/271 923/594/270 924/595/271
f 927/598/272 928/599/272 929/600/272
f 927/598/272 929/600/272 930/601/272
f 931/602/173 932/603/173 933/604/173
f 932/603/173 931/602/173 934/605/173
f 935/122/103 936/121/103 937/94/103
f 937/94/103 936/121/103 938/95/103
f 939/606/273 940/607/274 941/608/275
f 940/607/274 939/606/273 942/609/276
f 943/610/277 942/609/276 939/606/273
f 942/609/276 943/610/277 944/611/277
f 945/98/42 946/99/42 947/86/42
f 947/86/42 946/99/42 948/87/42
f 949/523/278 950/524/279 951/527/280
f 950/524/279 949/523/278 952/525/281
f 950/524/279 952/525/281 953/526/282
f 954/530/283 951/527/280 950/524/279
f 950/524/279 953/526/282 955/528/284
f 950/524/279 955/528/284 954/530/283
f 953/526/282 956/529/285 955/528/284
f 951/527/280 954/530/283 957/531/286
f 958/533/287 957/531/286 954/530/283
f 957/531/286 958/533/287 959/534/288
f 960/532/289 954/530/283 955/528/284
f 956/529/285 960/532/289 955/528/284
f 960/532/289 958/533/287 954/530/283
f 961/535/290 959/534/288 958/533/287
f 958/533/287 960/532/289 961/535/290
f 959/534/288 961/535/290 962/536/291
f 956/529/285 963/537/212 960/532/289
f 963/537/212 961/535/290 960/532/289
f 963/537/212 956/529/285 964/538/212
f 965/539/292 962/536/291 961/535/290
f 961/535/290 963/537/212 965/539/292
f 962/536/291 965/539/292 966/540/293
f 964/538/212 967/541/294 963/537/212
f 965/539/292 963/537/212 967/541/294
f 967/541/294 966/540/293 965/539/292
f 967/541/294 964/538/212 968/542/295
f 966/540/293 967/541/294 969/543/296
f 968/542/295 969/543/296 967/541/294
f 969/543/296 968/542/295 970/544/297
f 971/612/173 972/613/173 973/614/173
f 972/613/173 971/612/173 974/615/173
f 973/614/173 975/616/173 971/612/173
f 975/616/173 973/614/173 976/617/173
f 977/618/173 975/616/173 976/617/173
f 978/619/173 975/616/173 977/618/173
f 979/620/173 978/619/173 977/618/173
f 980/621/173 978/619/173 979/620/173
f 981/13/58 982/14/58 983/140/58
f 983/140/58 982/14/58 984/141/58
f 985/622/173 986/623/173 987/624/173
f 985/622/173 988/625/173 986/623/173
f 989/626/173 988/625/173 985/622/173
f 990/627/173 988/625/173 989/626/173
f 990/627/173 991/628/173 988/625/173
f 992/629/298 993/560/298 994/93/298
f 995/180/70 996/181/70 997/69/70
f 997/69/70 996/181/70 998/70/70
f 999/630/146 1000/631/146 1001/632/146
f 1000/631/146 999/630/146 1002/633/146
f 1003/634/146 999/630/146 1001/632/146
f 1003/634/146 1004/635/146 999/630/146
f 1005/636/299 1006/637/299 1007/638/299
f 1007/638/299 1006/637/299 1008/639/299
f 1009/640/173 1010/641/173 1011/642/173
f 1010/641/173 1012/643/173 1011/642/173
f 1013/644/173 1011/642/173 1012/643/173
f 1012/643/173 1014/645/173 1013/644/173
f 1015/646/300 1016/647/301 1017/648/302
f 1018/649/302 1017/648/302 1016/647/301
f 1015/646/300 1019/607/303 1016/647/301
f 1019/607/303 1015/646/300 1020/608/303
f 1021/490/212 1022/491/212 1023/492/212
f 1022/491/212 1024/493/212 1023/492/212
f 1025/494/212 1021/490/212 1023/492/212
f 1024/493/212 1026/495/212 1023/492/212
f 1027/496/212 1025/494/212 1023/492/212
f 1026/495/212 1028/497/212 1023/492/212
f 1029/498/212 1027/496/212 1023/492/212
f 1028/497/212 1029/498/212 1023/492/212
f 1030/650/304 1031/570/305 1032/571/306
f 1030/650/304 1033/568/307 1031/570/305
f 1033/568/307 1030/650/304 1034/569/308
f 1035/572/309 1034/569/308 1030/650/304
f 1035/572/309 1036/573/310 1034/569/308
f 1037/574/311 1036/573/310 1035/572/309
f 1038/575/312 1037/574/311 1035/572/309
f 1039/576/313 1037/574/311 1038/575/312
f 1038/575/312 1040/577/314 1039/576/313
f 1039/576/313 1040/577/314 1041/578/315
f 1041/578/315 1042/579/316 1039/576/313
f 1042/579/316 1043/580/317 1039/576/313
f 1043/580/317 1042/579/316 1044/651/318
f 1045/582/319 1043/580/317 1044/651/318
f 1043/580/317 1045/582/319 1046/583/319
f 1047/652/212 1048/382/212 1049/585/212
f 1048/382/212 1047/652/212 1050/472/212
f 1051/586/212 1050/472/212 1047/652/212
f 1050/472/212 1051/586/212 1052/378/212
f 1053/385/212 1052/378/212 1051/586/212
f 1053/385/212 1051/586/212 1054/653/212
f 1055/654/320 1056/655/321 1057/656/322
f 1055/654/320 1058/657/323 1056/655/321
f 1059/658/323 1056/655/321 1058/657/323
f 1058/657/323 1055/654/320 1060/659/323
f 1055/654/320 1057/656/322 1061/660/324
f 1057/656/322 1062/661/325 1061/660/324
f 1061/660/324 1062/661/325 1063/662/326
f 1062/661/325 1057/656/322 1064/663/327
f 1065/664/118 1066/225/118 1067/224/118
f 1066/225/118 1065/664/118 1068/665/118
f 1069/666/212 1070/667/212 1071/668/212
f 1069/666/212 1071/668/212 1072/669/212
f 1073/183/103 1074/260/103 1075/259/103
f 1074/260/103 1073/183/103 1076/182/103
f 1077/670/212 1078/671/212 1079/672/212
f 1080/673/212 1079/672/212 1078/671/212
f 1079/672/212 1081/674/212 1077/670/212
f 1077/670/212 1081/674/212 1082/675/212
f 1081/674/212 1083/676/212 1082/675/212
f 1083/676/212 1081/674/212 1084/677/212
f 1084/677/212 1085/678/212 1083/676/212
f 1085/678/212 1084/677/212 1086/679/212
f 1087/94/46 1088/95/46 1089/96/46
f 1089/96/46 1088/95/46 1090/97/46
f 1091/71/44 1092/72/44 1093/122/44
f 1093/122/44 1092/72/44 1094/121/44
f 1095/680/212 1096/624/212 1097/623/212
f 1095/680/212 1097/623/212 1098/681/212
f 1099/682/212 1100/680/212 1101/681/212
f 1102/627/212 1099/682/212 1101/681/212
f 1103/627/212 1104/681/212 1105/628/212
f 1106/683/212 1107/684/212 1108/642/212
f 1106/683/212 1108/642/212 1109/643/212
f 1109/643/212 1108/642/212 1110/685/212
f 1111/686/212 1109/643/212 1110/685/212
f 1112/136/3 1113/137/3 1114/138/3
f 1114/138/3 1113/137/3 1115/139/3
f 1116/140/118 1117/181/118 1118/180/118
f 1117/181/118 1116/140/118 1119/141/118
f 1120/687/328 1121/611/329 1122/610/329
f 1121/611/329 1120/687/328 1123/688/330
f 1124/689/331 1123/688/330 1120/687/328
f 1123/688/330 1124/689/331 1125/690/331
f 1126/584/332 1127/691/333 1128/692/332
f 1128/692/332 1129/585/334 1126/584/332
f 1129/585/334 1128/692/332 1130/693/334
f 1127/691/333 1126/584/332 1131/586/333
f 1131/586/333 1132/587/335 1127/691/333
f 1127/691/333 1132/587/335 1133/694/335
f 1134/695/116 1135/696/116 1136/697/116
f 1136/697/116 1137/698/116 1134/695/116
f 1138/699/336 1139/700/336 1140/408/336
f 1140/408/336 1139/700/336 1141/407/336
f 1142/701/337 1143/406/337 1144/405/337
f 1143/406/337 1142/701/337 1145/702/337
f 1146/277/70 1147/99/70 1148/98/70
f 1147/99/70 1146/277/70 1149/278/70
f 1150/408/338 1151/407/338 1152/700/338
f 1150/408/338 1152/700/338 1153/699/338
f 1154/406/339 1155/701/339 1156/405/339
f 1155/701/339 1154/406/339 1157/702/339
f 1158/140/118 1159/181/340 1160/180/118
f 1159/181/340 1158/140/118 1161/141/340
f 1162/691/341 1163/652/342 1164/692/342
f 1163/652/342 1165/585/343 1164/692/342
f 1166/693/343 1164/692/342 1165/585/343
f 1167/586/341 1163/652/342 1162/691/341
f 1162/691/341 1168/653/344 1167/586/341
f 1168/653/344 1162/691/341 1169/694/344
f 1170/703/345 1171/470/345 1172/704/345
f 1171/470/345 1170/703/345 1173/235/345
f 1174/705/346 1175/706/346 1176/707/346
f 1174/705/346 1176/707/346 1177/708/346
f 1178/709/347 1179/710/347 1180/711/347
f 1178/709/347 1181/712/347 1179/710/347
f 1182/713/348 1183/709/348 1184/714/348
f 1184/714/348 1183/709/348 1185/711/349
f 1186/207/350 1187/704/350 1188/470/350
f 1186/207/350 1188/470/350 1189/208/350
f 1190/138/58 1191/139/58 1192/143/58
f 1192/143/58 1191/139/58 1193/144/58
f 1194/715/351 1195/716/83 1196/717/83
f 1194/715/351 1196/717/83 1197/718/351
f 1198/140/118 1199/141/118 1200/180/118
f 1200/180/118 1199/141/118 1201/181/118
f 1202/259/46 1203/260/46 1204/719/46
f 1204/719/46 1203/260/46 1205/720/46
f 1206/143/118 1207/144/118 1208/277/118
f 1208/277/118 1207/144/118 1209/278/118
f 1210/721/146 1211/722/146 1212/723/146
f 1211/722/146 1210/721/146 1213/724/146
f 1214/725/146 1210/721/146 1212/723/146
f 1210/721/146 1214/725/146 1215/726/146
f 1216/703/352 1217/470/352 1218/235/352
f 1217/470/352 1216/703/352 1219/704/352
f 1220/727/353 1221/728/354 1222/729/354
f 1221/728/354 1220/727/353 1223/730/353
f 1224/648/355 1225/649/355 1226/731/356
f 1227/732/357 1226/731/356 1225/649/355
f 1226/731/356 1227/732/357 1228/733/358
f 1229/734/359 1228/733/358 1227/732/357
f 1228/733/358 1229/734/359 1230/735/360
f 1231/736/361 1230/735/360 1229/734/359
f 1232/737/362 1230/735/360 1231/736/361
f 1233/738/362 1232/737/362 1231/736/361
f 1234/739/363 1235/740/364 1236/741/364
f 1234/739/363 1236/741/364 1237/742/363
f 1237/742/363 1238/743/365 1234/739/363
f 1238/743/365 1237/742/363 1239/744/366
f 1240/745/367 1241/746/368 1242/747/369
f 1243/748/370 1242/747/369 1241/746/368
f 1241/746/368 1244/749/371 1243/748/370
f 1245/750/372 1243/748/370 1244/749/371
f 1246/751/373 1247/752/374 1248/744/375
f 1247/752/374 1249/743/375 1248/744/375
f 1247/752/374 1246/751/373 1250/712/376
f 1249/743/375 1247/752/374 1251/753/375
f 1247/752/374 1250/712/376 1252/709/377
f 1247/752/374 1253/749/375 1251/753/375
f 1254/713/378 1247/752/374 1252/709/377
f 1253/749/375 1247/752/374 1255/750/375
f 1256/754/379 1247/752/374 1254/713/378
f 1256/754/379 1255/750/375 1247/752/374
f 1257/755/380 1258/637/380 1259/636/380
f 1258/637/380 1257/755/380 1260/756/380
f 1261/470/381 1262/207/381 1263/208/381
f 1264/704/381 1262/207/381 1261/470/381
f 1265/728/382 1266/730/382 1267/727/382
f 1265/728/382 1267/727/382 1268/729/382
f 1269/757/383 1270/758/384 1271/759/384
f 1270/758/384 1269/757/383 1272/760/385
f 1273/690/386 1272/760/385 1269/757/383
f 1272/760/385 1273/690/386 1274/689/386
f 1275/761/146 1276/762/146 1277/763/146
f 1276/762/146 1275/761/146 1278/764/146
f 1279/765/146 1277/763/146 1276/762/146
f 1277/763/146 1279/765/146 1280/766/146
f 1281/767/387 1282/768/388 1283/123/389
f 1283/123/389 1282/768/388 1284/126/389
f 1285/769/390 1282/768/388 1281/767/387
f 1282/768/388 1285/769/390 1286/770/390
f 1287/771/391 1286/770/390 1285/769/390
f 1286/770/390 1287/771/391 1288/772/391
f 1287/771/391 1289/773/392 1288/772/391
f 1290/774/392 1289/773/392 1287/771/391
f 1290/774/392 1291/775/393 1289/773/392
f 1291/775/393 1290/774/392 1292/776/394
f 1291/775/393 1292/776/394 1293/777/395
f 1293/777/395 1292/776/394 1294/778/395
f 1295/88/103 1296/233/103 1297/234/103
f 1296/233/103 1295/88/103 1298/89/103
f 1299/779/396 1300/780/396 1301/781/396
f 1299/779/396 1302/782/396 1300/780/396
f 1303/703/397 1304/236/397 1305/235/397
f 1306/140/118 1307/141/118 1308/180/118
f 1308/180/118 1307/141/118 1309/181/118
f 1310/783/398 1311/784/398 1312/785/398
f 1310/783/398 1312/785/398 1313/786/398
f 1311/784/398 1310/783/398 1314/787/398
f 1315/788/398 1314/787/398 1310/783/398
f 1316/69/42 1317/70/42 1318/71/42
f 1318/71/42 1317/70/42 1319/72/42
f 1320/703/399 1321/235/399 1322/236/399
f 1323/69/42 1324/70/42 1325/71/42
f 1325/71/42 1324/70/42 1326/72/42
f 1327/122/103 1328/121/103 1329/94/103
f 1329/94/103 1328/121/103 1330/95/103
f 1331/234/46 1332/233/46 1333/248/46
f 1333/248/46 1332/233/46 1334/247/46
f 1335/789/48 1336/790/48 1337/791/48
f 1337/791/48 1338/792/48 1335/789/48
f 1339/793/48 1335/789/48 1338/792/48
f 1338/792/48 1340/794/48 1339/793/48
f 1341/664/118 1342/665/118 1343/224/118
f 1343/224/118 1342/665/118 1344/225/118
f 1345/277/70 1346/278/70 1347/98/70
f 1347/98/70 1346/278/70 1348/99/70
f 1349/795/400 1350/796/400 1351/797/400
f 1349/795/400 1351/797/400 1352/798/400
f 1350/796/400 1349/795/400 1353/799/400
f 1354/800/400 1353/799/400 1349/795/400
f 1355/801/116 1356/755/116 1357/802/116
f 1356/755/116 1355/801/116 1358/756/116
f 1359/209/401 1360/803/401 1361/210/401
f 1360/803/401 1359/209/401 1362/804/401
f 1363/180/70 1364/181/70 1365/69/70
f 1365/69/70 1364/181/70 1366/70/70
f 1367/805/402 1368/806/403 1369/807/404
f 1368/806/403 1367/805/402 1370/808/402
f 1371/809/43 1369/807/404 1368/806/403
f 1369/807/404 1371/809/43 1372/810/405
f 1371/809/43 1373/811/406 1372/810/405
f 1373/811/406 1371/809/43 1374/812/406
f 1374/812/406 1375/813/407 1373/811/406
f 1375/813/407 1374/812/406 1376/814/407
f 1377/71/44 1378/72/44 1379/122/44
f 1379/122/44 1378/72/44 1380/121/44
f 1381/143/118 1382/278/118 1383/277/118
f 1382/278/118 1381/143/118 1384/144/118
f 1385/815/58 1386/816/58 1387/664/58
f 1387/664/58 1386/816/58 1388/665/58
f 1389/259/46 1390/260/46 1391/719/46
f 1391/719/46 1390/260/46 1392/720/46
f 1393/784/408 1394/817/408 1395/818/408
f 1393/784/408 1395/818/408 1396/785/408
f 1397/819/408 1394/817/408 1393/784/408
f 1398/787/408 1397/819/408 1393/784/408
f 1399/71/44 1400/72/44 1401/122/44
f 1401/122/44 1400/72/44 1402/121/44
f 1403/820/3 1404/821/3 1405/815/3
f 1405/815/3 1404/821/3 1406/816/3
f 1407/777/409 1408/778/409 1409/822/409
f 1409/822/409 1410/823/409 1407/777/409
f 1411/824/48 1412/825/48 1413/826/48
f 1411/824/48 1414/827/48 1412/825/48
f 1415/180/70 1416/181/70 1417/69/70
f 1417/69/70 1416/181/70 1418/70/70
f 1419/815/58 1420/816/58 1421/664/58
f 1421/664/58 1420/816/58 1422/665/58
f 1423/94/46 1424/97/46 1425/96/46
f 1424/97/46 1423/94/46 1426/95/46
f 1427/828/410 1428/829/410 1429/830/410
f 1428/829/410 1427/828/410 1430/831/410
f 1431/832/48 1432/831/48 1433/828/48
f 1432/831/48 1431/832/48 1434/833/48
f 1435/820/3 1436/821/3 1437/815/3
f 1437/815/3 1436/821/3 1438/816/3
f 1439/86/44 1440/87/44 1441/88/44
f 1441/88/44 1440/87/44 1442/89/44
f 1443/834/411 1444/829/411 1445/835/411
f 1446/836/411 1444/829/411 1443/834/411
f 1444/829/411 1446/836/411 1447/830/411
f 1448/837/411 1447/830/411 1446/836/411
f 1449/71/44 1450/72/44 1451/122/44
f 1451/122/44 1450/72/44 1452/121/44
f 1453/98/42 1454/99/42 1455/86/42
f 1455/86/42 1454/99/42 1456/87/42
f 1457/69/42 1458/70/42 1459/71/42
f 1459/71/42 1458/70/42 1460/72/42
f 1461/13/58 1462/141/58 1463/140/58
f 1462/141/58 1461/13/58 1464/14/58
f 1465/838/412 1466/839/412 1467/840/412
f 1466/839/412 1465/838/412 1468/841/412
f 1466/839/412 1469/842/412 1467/840/412
f 1469/842/412 1466/839/412 1470/843/412
f 1471/136/3 1472/139/3 1473/138/3
f 1472/139/3 1471/136/3 1474/137/3
f 1475/180/70 1476/70/70 1477/69/70
f 1476/70/70 1475/180/70 1478/181/70
f 1479/138/58 1480/139/58 1481/143/58
f 1481/143/58 1480/139/58 1482/144/58
f 1483/11/3 1484/12/3 1485/13/3
f 1485/13/3 1484/12/3 1486/14/3
f 1487/69/42 1488/70/42 1489/71/42
f 1489/71/42 1488/70/42 1490/72/42
